{
  "caller": "Austic",
  "totalCalls": 224,
  "uniqueTokens": 222,
  "totalTrades": 189,
  "winRate": 48.67724867724868,
  "winningTrades": 92,
  "losingTrades": 97,
  "avgPnlPerTrade": 6.2183978700428835,
  "finalPortfolio": 301.2086948890483,
  "compoundFactor": 3.0120869488904827,
  "simpleFinalPortfolio": 217.5277197438104,
  "simpleReturnPercent": 117.5277197438104,
  "initialPortfolio": 100,
  "maxDrawdown": 19.529215635518312,
  "maxDrawdownPct": 6.483616166097727,
  "stdDevReturnsPct": 2.0109835729173797,
  "peakPortfolio": 301.2086948890483,
  "avgPerTradeMaxDrawdown": 5.990609970099967,
  "maxPerTradeMaxDrawdown": 42.775306354005686,
  "avgRiskRatio": 578.7602253779907,
  "medianRiskRatio": 0,
  "daysActive": 110.41666666666667,
  "twrDailyPct": 1.0036139394594912,
  "twrWeeklyPct": 7.2403919804114425,
  "twrAnnualPct": 3728.0123929136616,
  "riskAdjustedScore": 0.49906620470475827,
  "clampMinPnlEnabled": false,
  "minPnlFloor": 0.8
}