{
  "caller": "Dr.Monad Malik",
  "totalCalls": 4,
  "uniqueTokens": 4,
  "totalTrades": 4,
  "winRate": 50,
  "winningTrades": 2,
  "losingTrades": 2,
  "avgPnlPerTrade": -2.1304633992993036,
  "finalPortfolio": 99.14188354420374,
  "compoundFactor": 0.9914188354420373,
  "simpleFinalPortfolio": 99.14781464028027,
  "simpleReturnPercent": -0.852185359719726,
  "initialPortfolio": 100,
  "maxDrawdown": 1.4655790289690884,
  "maxDrawdownPct": 1.4567299397926452,
  "stdDevReturnsPct": 0.8553725565054282,
  "peakPortfolio": 100.60746257317282,
  "daysActive": 50.375,
  "twrDailyPct": -0.017106615548201365,
  "twrWeeklyPct": -0.11968487273341655,
  "twrAnnualPct": -6.053478701525783,
  "riskAdjustedScore": -0.019999023136876622,
  "clampMinPnlEnabled": false,
  "minPnlFloor": 0.8
}