{
  "caller": "Brook",
  "totalCalls": 858,
  "uniqueTokens": 671,
  "totalTrades": 505,
  "winRate": 33.663366336633665,
  "winningTrades": 170,
  "losingTrades": 335,
  "avgPnlPerTrade": 1.2705079425762564,
  "finalPortfolio": 164.61823252869664,
  "compoundFactor": 1.6461823252869663,
  "maxDrawdown": 41.69517797628485,
  "maxDrawdownPct": 21.107477802653683,
  "simpleFinalPortfolio": 164.16065110010106,
  "simpleReturnPercent": 64.16065110010108,
  "maxDrawdownNoReinvestment": 36.98266558353393,
  "maxDrawdownPctNoReinvestment": 20.234362924513206,
  "initialPortfolio": 100,
  "stdDevReturnsPct": 2.3108530133643383,
  "peakPortfolio": 197.53747163028086,
  "avgPerTradeMaxDrawdown": 9.117126274264445,
  "maxPerTradeMaxDrawdown": 60.711209678995445,
  "avgRiskRatio": 324.96745825242397,
  "medianRiskRatio": 0,
  "daysActive": 110.95833333333333,
  "twrDailyPct": 0.45024122416306156,
  "twrWeeklyPct": 3.1945800655957424,
  "twrAnnualPct": 415.3581693320026,
  "twrAnnualDrawdownAdjusted": 415.3581693319988,
  "calmarRatio": 19.67824735932129,
  "riskAdjustedScore": 0.19483767317055,
  "clampMinPnlEnabled": true,
  "minPnlFloor": 0.8
}