{
  "caller": "Croz",
  "totalCalls": 185,
  "uniqueTokens": 181,
  "totalTrades": 150,
  "winRate": 50.66666666666667,
  "winningTrades": 76,
  "losingTrades": 74,
  "avgPnlPerTrade": 5.631914533499788,
  "finalPortfolio": 222.1860777454555,
  "compoundFactor": 2.221860777454555,
  "simpleFinalPortfolio": 184.4787180024968,
  "simpleReturnPercent": 84.4787180024968,
  "initialPortfolio": 100,
  "maxDrawdown": 10.561607502905701,
  "maxDrawdownPct": 4.736043960517547,
  "stdDevReturnsPct": 2.429287426843244,
  "peakPortfolio": 223.00484520315868,
  "avgPerTradeMaxDrawdown": 6.426189400867389,
  "maxPerTradeMaxDrawdown": 44.469804678707206,
  "avgRiskRatio": 685.9011480537389,
  "medianRiskRatio": 0.05753638667886959,
  "daysActive": 110.04166666666667,
  "twrDailyPct": 0.72813148279951,
  "twrWeeklyPct": 5.209618237546776,
  "twrAnnualPct": 1312.647820197985,
  "riskAdjustedScore": 0.2997304784743755,
  "clampMinPnlEnabled": false,
  "minPnlFloor": 0.8
}