{
  "caller": "Gidion",
  "totalCalls": 7,
  "uniqueTokens": 5,
  "totalTrades": 3,
  "winRate": 66.66666666666666,
  "winningTrades": 2,
  "losingTrades": 1,
  "avgPnlPerTrade": 1.6631374056871577,
  "finalPortfolio": 100.49427712119895,
  "compoundFactor": 1.0049427712119894,
  "simpleFinalPortfolio": 100.49894122170615,
  "simpleReturnPercent": 0.49894122170615063,
  "initialPortfolio": 100,
  "maxDrawdown": 1.1324573214296265,
  "maxDrawdownPct": 1.1268873749535517,
  "stdDevReturnsPct": 1.2886468139109315,
  "peakPortfolio": 100.49427712119895,
  "daysActive": 30.791666666666668,
  "twrDailyPct": 0.01601404256124095,
  "twrWeeklyPct": 0.11215216671212058,
  "twrAnnualPct": 6.0188344301679075,
  "riskAdjustedScore": 0.012427022197524949,
  "clampMinPnlEnabled": false,
  "minPnlFloor": 0.8
}