{
  "caller": "TY/ACC",
  "totalCalls": 86,
  "uniqueTokens": 76,
  "totalTrades": 46,
  "winRate": 47.82608695652174,
  "winningTrades": 22,
  "losingTrades": 24,
  "avgPnlPerTrade": 7.615764215026726,
  "finalPortfolio": 139.32573296089404,
  "compoundFactor": 1.3932573296089403,
  "simpleFinalPortfolio": 135.03251538912295,
  "simpleReturnPercent": 35.032515389122956,
  "initialPortfolio": 100,
  "maxDrawdown": 4.913283628936213,
  "maxDrawdownPct": 3.526472478931996,
  "stdDevReturnsPct": 2.311444032387312,
  "peakPortfolio": 139.32573296089404,
  "avgPerTradeMaxDrawdown": 4.948848479187922,
  "maxPerTradeMaxDrawdown": 59.781085498351295,
  "avgRiskRatio": 469.84106826617887,
  "medianRiskRatio": 0,
  "daysActive": 105.04166666666667,
  "twrDailyPct": 0.3162254702429923,
  "twrWeeklyPct": 2.2346890147494136,
  "twrAnnualPct": 216.57874725367628,
  "riskAdjustedScore": 0.13680862085005252,
  "clampMinPnlEnabled": false,
  "minPnlFloor": 0.8
}