{
  "caller": "Bishop (Slow DMs)",
  "totalCalls": 1,
  "uniqueTokens": 1,
  "totalTrades": 1,
  "winRate": 100,
  "winningTrades": 1,
  "losingTrades": 0,
  "avgPnlPerTrade": 0.5418657881169464,
  "finalPortfolio": 100.0541865788117,
  "compoundFactor": 1.0005418657881169,
  "simpleFinalPortfolio": 100.0541865788117,
  "simpleReturnPercent": 0.05418657881168798,
  "initialPortfolio": 100,
  "maxDrawdown": 0,
  "maxDrawdownPct": 0,
  "stdDevReturnsPct": 0,
  "peakPortfolio": 100.0541865788117,
  "daysActive": 1,
  "twrDailyPct": 0.05418657881168798,
  "twrWeeklyPct": 0.3799232077579928,
  "twrAnnualPct": 21.863020678475365,
  "riskAdjustedScore": 0,
  "clampMinPnlEnabled": false,
  "minPnlFloor": 0.8
}