{
  "caller": "Brook",
  "totalCalls": 685,
  "strategies": {
    "Basic_6h_10pctSL_10pctClamp": {
      "totalTrades": 426,
      "winRate": 3.9906103286384975,
      "winningTrades": 17,
      "losingTrades": 409,
      "avgPnlPerTrade": -8.321796494725946,
      "totalReturn": -709.01706135065,
      "finalPortfolio": -609.01706135065,
      "maxDrawdown": 709.01706135065,
      "maxDrawdownPct": 709.01706135065,
      "description": "Hold 6h, 10% SL, 10% loss clamp"
    },
    "Basic_6h_20pctSL_20pctClamp": {
      "totalTrades": 426,
      "winRate": 6.572769953051644,
      "winningTrades": 28,
      "losingTrades": 398,
      "avgPnlPerTrade": -15.601060937863325,
      "totalReturn": -664.6051959529776,
      "finalPortfolio": -564.6051959529776,
      "maxDrawdown": 664.6051959529776,
      "maxDrawdownPct": 664.6051959529776,
      "description": "Hold 6h, 20% SL, 20% loss clamp"
    },
    "Basic_6h_20pctSL_30pctClamp": {
      "totalTrades": 426,
      "winRate": 6.572769953051644,
      "winningTrades": 28,
      "losingTrades": 398,
      "avgPnlPerTrade": -15.601060937863325,
      "totalReturn": -443.0701306353173,
      "finalPortfolio": -343.0701306353173,
      "maxDrawdown": 443.0701306353173,
      "maxDrawdownPct": 443.0701306353173,
      "description": "Hold 6h, 20% SL, 30% loss clamp"
    },
    "TP_6h_20pctSL_50pctTP": {
      "totalTrades": 426,
      "winRate": 21.5962441314554,
      "winningTrades": 92,
      "losingTrades": 334,
      "avgPnlPerTrade": -5.746394975282929,
      "totalReturn": -244.7964259470501,
      "finalPortfolio": -144.7964259470501,
      "maxDrawdown": 263.3126895393306,
      "maxDrawdownPct": 226.80801642320526,
      "description": "Hold 6h, 20% SL, 50% TP"
    },
    "TP_6h_20pctSL_100pctTP": {
      "totalTrades": 426,
      "winRate": 13.849765258215962,
      "winningTrades": 59,
      "losingTrades": 367,
      "avgPnlPerTrade": -5.754744098284125,
      "totalReturn": -245.1520985869013,
      "finalPortfolio": -145.1520985869013,
      "maxDrawdown": 307.7639334858808,
      "maxDrawdownPct": 218.04825679585628,
      "description": "Hold 6h, 20% SL, 100% TP"
    },
    "TP_24h_20pctSL_200pctTP": {
      "totalTrades": 426,
      "winRate": 7.746478873239436,
      "winningTrades": 33,
      "losingTrades": 393,
      "avgPnlPerTrade": -7.135642546139569,
      "totalReturn": -303.97837246554207,
      "finalPortfolio": -203.9783724655421,
      "maxDrawdown": 342.24365926958103,
      "maxDrawdownPct": 281.35687905457826,
      "description": "Hold 24h, 20% SL, 200% TP"
    },
    "Trailing_6h_20pctSL_25pctTrail_50pctActivate": {
      "totalTrades": 426,
      "winRate": 28.4037558685446,
      "winningTrades": 121,
      "losingTrades": 305,
      "avgPnlPerTrade": 4.998028789758876,
      "totalReturn": 212.9160264437278,
      "finalPortfolio": 312.9160264437278,
      "maxDrawdown": 113.36480464852632,
      "maxDrawdownPct": 33.38682363711969,
      "description": "Hold 6h, 20% SL, 25% trailing stop (activates at 50% gain)"
    },
    "Trailing_24h_20pctSL_30pctTrail_100pctActivate": {
      "totalTrades": 426,
      "winRate": 15.023474178403756,
      "winningTrades": 64,
      "losingTrades": 362,
      "avgPnlPerTrade": -1.102248206526394,
      "totalReturn": -46.95577359802341,
      "finalPortfolio": 53.04422640197659,
      "maxDrawdown": 194.12627272943894,
      "maxDrawdownPct": 134.0452854488479,
      "description": "Hold 24h, 20% SL, 30% trailing stop (activates at 100% gain)"
    },
    "Dip_10pctDrop_ReboundToAlert_6h": {
      "totalTrades": 370,
      "winRate": 4.324324324324325,
      "winningTrades": 16,
      "losingTrades": 354,
      "avgPnlPerTrade": -14.585980234312473,
      "totalReturn": -539.6812686695612,
      "finalPortfolio": -439.68126866956123,
      "maxDrawdown": 578.2333106080403,
      "maxDrawdownPct": 461.19997409975076,
      "description": "Buy dip: Wait for 10% drop, re-enter when price rebounds to alert level, hold 6h"
    },
    "Dip_20pctDrop_ReboundToAlert_6h": {
      "totalTrades": 320,
      "winRate": 3.125,
      "winningTrades": 10,
      "losingTrades": 310,
      "avgPnlPerTrade": -15.24087796776003,
      "totalReturn": -487.70809496832015,
      "finalPortfolio": -387.70809496832015,
      "maxDrawdown": 528.3399869067991,
      "maxDrawdownPct": 414.52838611528324,
      "description": "Buy dip: Wait for 20% drop, re-enter when price rebounds to alert level, hold 6h"
    },
    "Dip_40pctDrop_ReboundToMinus30pct_24h": {
      "totalTrades": 334,
      "winRate": 0.8982035928143712,
      "winningTrades": 3,
      "losingTrades": 331,
      "avgPnlPerTrade": -20.22971359418265,
      "totalReturn": -675.6724340457007,
      "finalPortfolio": -575.6724340457007,
      "maxDrawdown": 675.6724340457007,
      "maxDrawdownPct": 675.6724340457007,
      "description": "Buy dip: Wait for 40% drop, re-enter when price rebounds to -30% of alert, hold 24h"
    },
    "Dip_30pctDrop_ReboundToMinus10pct_6h": {
      "totalTrades": 289,
      "winRate": 3.1141868512110724,
      "winningTrades": 9,
      "losingTrades": 280,
      "avgPnlPerTrade": -19.46328803661364,
      "totalReturn": -562.4890242581342,
      "finalPortfolio": -462.48902425813424,
      "maxDrawdown": 562.4890242581342,
      "maxDrawdownPct": 562.4890242581342,
      "description": "Buy dip: Wait for 30% drop, re-enter when price rebounds to -10% of alert, hold 6h"
    },
    "MultiTrade_20pctTrail_50pctDropRebound_24h": {
      "totalTrades": 685,
      "winRate": 44.37956204379562,
      "winningTrades": 304,
      "losingTrades": 381,
      "avgPnlPerTrade": 30.9655386686038,
      "totalReturn": 2121.1393987993597,
      "finalPortfolio": 2221.1393987993597,
      "maxDrawdown": 52.423773699913326,
      "maxDrawdownPct": 2.352238303694043,
      "description": "Multi-trade: 20% trailing stop, re-enter after 50% drop from peak + 20% rebound"
    },
    "MultiTrade_20pctTrail_RSI_MACD_24h": {
      "totalTrades": 621,
      "winRate": 33.49436392914654,
      "winningTrades": 208,
      "losingTrades": 413,
      "avgPnlPerTrade": 5.808792281175843,
      "totalReturn": 360.72600066101995,
      "finalPortfolio": 460.72600066101995,
      "maxDrawdown": 71.05324126679093,
      "maxDrawdownPct": 14.216229022258517,
      "description": "Multi-trade: 20% trailing stop, re-enter using RSI/MACD signals"
    },
    "MultiTrade_20pctTrail_MA_24h": {
      "totalTrades": 600,
      "winRate": 31.5,
      "winningTrades": 189,
      "losingTrades": 411,
      "avgPnlPerTrade": 5.357741274696583,
      "totalReturn": 321.46447648179503,
      "finalPortfolio": 421.464476481795,
      "maxDrawdown": 59.527205141560216,
      "maxDrawdownPct": 12.617321876331825,
      "description": "Multi-trade: 20% trailing stop, re-enter using MA crossovers"
    },
    "Ichimoku_5m_TenkanKijunCross_20pctTrail_24h": {
      "totalTrades": 366,
      "winRate": 26.775956284153008,
      "winningTrades": 98,
      "losingTrades": 268,
      "avgPnlPerTrade": -2.597939491751399,
      "totalReturn": -95.08458539810114,
      "finalPortfolio": 4.915414601898858,
      "maxDrawdown": 116.63317209859432,
      "maxDrawdownPct": 95.95600842812686,
      "description": "Delayed entry: Ichimoku Tenkan-Kijun cross on 5m, 20% trailing stop, 20% loss cap"
    },
    "Ichimoku_5m_CloudCross_20pctTrail_24h": {
      "totalTrades": 359,
      "winRate": 24.512534818941504,
      "winningTrades": 88,
      "losingTrades": 271,
      "avgPnlPerTrade": -3.3903027607088956,
      "totalReturn": -121.71186910944924,
      "finalPortfolio": -21.711869109449253,
      "maxDrawdown": 141.86909736628888,
      "maxDrawdownPct": 119.3983563843753,
      "description": "Delayed entry: Ichimoku cloud cross on 5m, 20% trailing stop, 20% loss cap"
    },
    "PriceBreakout_5pct_20pctTrail_24h": {
      "totalTrades": 218,
      "winRate": 22.018348623853214,
      "winningTrades": 48,