{
  "caller": "Rayin",
  "totalCalls": 47,
  "uniqueTokens": 42,
  "totalTrades": 24,
  "winRate": 29.166666666666668,
  "winningTrades": 7,
  "losingTrades": 17,
  "avgPnlPerTrade": 1.8706510651911656,
  "finalPortfolio": 104.26804088817981,
  "compoundFactor": 1.042680408881798,
  "simpleFinalPortfolio": 104.4895625564588,
  "simpleReturnPercent": 4.489562556458804,
  "initialPortfolio": 100,
  "maxDrawdown": 3.4089754687312706,
  "maxDrawdownPct": 3.1659267539803735,
  "stdDevReturnsPct": 1.717367082247933,
  "peakPortfolio": 107.67701635691108,
  "avgPerTradeMaxDrawdown": 4.300053237886788,
  "maxPerTradeMaxDrawdown": 23.487286974384,
  "avgRiskRatio": 378.59508745234274,
  "medianRiskRatio": 0,
  "daysActive": 89.04166666666667,
  "twrDailyPct": 0.04694939547082999,
  "twrWeeklyPct": 0.3291090222782733,
  "twrAnnualPct": 18.687651443690267,
  "riskAdjustedScore": 0.027338008254691817,
  "clampMinPnlEnabled": false,
  "minPnlFloor": 0.8
}