{
  "caller": "fred",
  "totalCalls": 2,
  "uniqueTokens": 2,
  "totalTrades": 1,
  "winRate": 100,
  "winningTrades": 1,
  "losingTrades": 0,
  "avgPnlPerTrade": 0.28122123785614406,
  "finalPortfolio": 100.02812212378561,
  "compoundFactor": 1.000281221237856,
  "simpleFinalPortfolio": 100.02812212378561,
  "simpleReturnPercent": 0.028122123785601083,
  "initialPortfolio": 100,
  "maxDrawdown": 0,
  "maxDrawdownPct": 0,
  "stdDevReturnsPct": 0,
  "peakPortfolio": 100.02812212378561,
  "daysActive": 1,
  "twrDailyPct": 0.028122123785601083,
  "twrWeeklyPct": 0.19702102367051832,
  "twrAnnualPct": 10.808280738562415,
  "riskAdjustedScore": 0,
  "clampMinPnlEnabled": false,
  "minPnlFloor": 0.8
}