{
  "caller": "Pigoshi 🐽 🦴️",
  "totalCalls": 22,
  "uniqueTokens": 22,
  "totalTrades": 9,
  "winRate": 44.44444444444444,
  "winningTrades": 4,
  "losingTrades": 5,
  "avgPnlPerTrade": 144.3631891345901,
  "finalPortfolio": 229.22038013347768,
  "compoundFactor": 2.292203801334777,
  "simpleFinalPortfolio": 229.92687022113108,
  "simpleReturnPercent": 129.92687022113108,
  "initialPortfolio": 100,
  "maxDrawdown": 2.015787327410848,
  "maxDrawdownPct": 0.8794101668608315,
  "stdDevReturnsPct": 43.3513200640787,
  "peakPortfolio": 229.22038013347768,
  "daysActive": 75.16666666666667,
  "twrDailyPct": 1.1096776662687047,
  "twrWeeklyPct": 8.031170378809716,
  "twrAnnualPct": 5514.937740546948,
  "riskAdjustedScore": 0.02559732124946741,
  "clampMinPnlEnabled": false,
  "minPnlFloor": 0.8
}