{
  "caller": "terrør",
  "totalCalls": 1,
  "uniqueTokens": 1,
  "totalTrades": 1,
  "winRate": 0,
  "winningTrades": 0,
  "losingTrades": 1,
  "avgPnlPerTrade": -0.5569514722997382,
  "finalPortfolio": 99.94430485277003,
  "compoundFactor": 0.9994430485277003,
  "simpleFinalPortfolio": 99.94430485277003,
  "simpleReturnPercent": -0.05569514722997271,
  "initialPortfolio": 100,
  "maxDrawdown": 0.05569514722996871,
  "maxDrawdownPct": 0.055695147229968704,
  "stdDevReturnsPct": 0,
  "peakPortfolio": 100,
  "daysActive": 1,
  "twrDailyPct": -0.05569514722997271,
  "twrWeeklyPct": -0.389215225566264,
  "twrAnnualPct": -18.40024438973462,
  "riskAdjustedScore": 0,
  "clampMinPnlEnabled": false,
  "minPnlFloor": 0.8
}