{
  "caller": "Prometheus",
  "totalCalls": 52,
  "uniqueTokens": 52,
  "totalTrades": 51,
  "winRate": 45.09803921568628,
  "winningTrades": 23,
  "losingTrades": 28,
  "avgPnlPerTrade": 5.7667566009108775,
  "finalPortfolio": 132.33287041734573,
  "compoundFactor": 1.3233287041734574,
  "simpleFinalPortfolio": 129.41045866464546,
  "simpleReturnPercent": 29.410458664645468,
  "initialPortfolio": 100,
  "maxDrawdown": 3.4539971931575195,
  "maxDrawdownPct": 2.5600762958663754,
  "stdDevReturnsPct": 2.0613073789366996,
  "peakPortfolio": 134.91774439435702,
  "avgPerTradeMaxDrawdown": 6.205885951441338,
  "maxPerTradeMaxDrawdown": 53.10720682276396,
  "avgRiskRatio": 382.05953700699257,
  "medianRiskRatio": 0,
  "daysActive": 44.35069444444444,
  "twrDailyPct": 0.6336698692521958,
  "twrWeeklyPct": 4.52090817283044,
  "twrAnnualPct": 903.017223781308,
  "riskAdjustedScore": 0.3074116338627123,
  "clampMinPnlEnabled": false,
  "minPnlFloor": 0.8
}