{
  "caller": "Stefan",
  "totalCalls": 4,
  "uniqueTokens": 3,
  "totalTrades": 3,
  "winRate": 66.66666666666666,
  "winningTrades": 2,
  "losingTrades": 1,
  "avgPnlPerTrade": -4.269743544521595,
  "finalPortfolio": 98.71772861581552,
  "compoundFactor": 0.9871772861581551,
  "simpleFinalPortfolio": 98.71907693664352,
  "simpleReturnPercent": -1.2809230633564872,
  "initialPortfolio": 100,
  "maxDrawdown": 1.5370917462905282,
  "maxDrawdownPct": 1.5365646582013273,
  "stdDevReturnsPct": 0.9663278565090578,
  "peakPortfolio": 100.03430302046762,
  "daysActive": 42.416666666666664,
  "twrDailyPct": -0.030421229041810438,
  "twrWeeklyPct": -0.21275435705240264,
  "twrAnnualPct": -10.510991554387362,
  "riskAdjustedScore": -0.03148127091327961,
  "clampMinPnlEnabled": false,
  "minPnlFloor": 0.8
}