{
  "caller": "Zephyr (AFK 3 DAYS)",
  "totalCalls": 1,
  "uniqueTokens": 1,
  "totalTrades": 1,
  "winRate": 0,
  "winningTrades": 0,
  "losingTrades": 1,
  "avgPnlPerTrade": -1.981267668712916,
  "finalPortfolio": 99.8018732331287,
  "compoundFactor": 0.998018732331287,
  "simpleFinalPortfolio": 99.8018732331287,
  "simpleReturnPercent": -0.19812676687129827,
  "initialPortfolio": 100,
  "maxDrawdown": 0.19812676687129738,
  "maxDrawdownPct": 0.1981267668712974,
  "stdDevReturnsPct": 0,
  "peakPortfolio": 100,
  "daysActive": 1,
  "twrDailyPct": -0.19812676687129827,
  "twrWeeklyPct": -1.3786711495121895,
  "twrAnnualPct": -51.513270118105666,
  "riskAdjustedScore": 0,
  "clampMinPnlEnabled": false,
  "minPnlFloor": 0.8
}