{
  "caller": "Ivan Syah",
  "totalCalls": 3,
  "uniqueTokens": 3,
  "totalTrades": 1,
  "winRate": 0,
  "winningTrades": 0,
  "losingTrades": 1,
  "avgPnlPerTrade": -8.66893722077846,
  "finalPortfolio": 99.13310627792215,
  "compoundFactor": 0.9913310627792216,
  "simpleFinalPortfolio": 99.13310627792215,
  "simpleReturnPercent": -0.8668937220778439,
  "initialPortfolio": 100,
  "maxDrawdown": 0.8668937220778474,
  "maxDrawdownPct": 0.8668937220778473,
  "stdDevReturnsPct": 0,
  "peakPortfolio": 100,
  "daysActive": 1,
  "twrDailyPct": -0.8668937220778439,
  "twrWeeklyPct": -5.9127005597045095,
  "twrAnnualPct": -95.83292913946269,
  "riskAdjustedScore": 0,
  "clampMinPnlEnabled": false,
  "minPnlFloor": 0.8
}