{
  "caller": "rastaland.TV",
  "totalCalls": 68,
  "uniqueTokens": 60,
  "totalTrades": 56,
  "winRate": 48.214285714285715,
  "winningTrades": 27,
  "losingTrades": 29,
  "avgPnlPerTrade": 3.8689692376957248,
  "finalPortfolio": 122.13213251622975,
  "compoundFactor": 1.2213213251622974,
  "simpleFinalPortfolio": 121.66622773109604,
  "simpleReturnPercent": 21.666227731096033,
  "initialPortfolio": 100,
  "maxDrawdown": 12.383233461984915,
  "maxDrawdownPct": 9.978666431446532,
  "stdDevReturnsPct": 1.9212386051681942,
  "peakPortfolio": 124.09707797186894,
  "avgPerTradeMaxDrawdown": 6.660522060948269,
  "maxPerTradeMaxDrawdown": 37.47389533520761,
  "avgRiskRatio": 380.62311317282575,
  "medianRiskRatio": 0,
  "daysActive": 62.083333333333336,
  "twrDailyPct": 0.3225593634989421,
  "twrWeeklyPct": 2.279882740032413,
  "twrAnnualPct": 223.9590513867761,
  "riskAdjustedScore": 0.16789136062082394,
  "clampMinPnlEnabled": false,
  "minPnlFloor": 0.8
}