{
  "caller": "Min Min",
  "totalCalls": 17,
  "uniqueTokens": 17,
  "totalTrades": 12,
  "winRate": 66.66666666666666,
  "winningTrades": 8,
  "losingTrades": 4,
  "avgPnlPerTrade": 1.5681917458479662,
  "finalPortfolio": 101.84103566289906,
  "compoundFactor": 1.0184103566289906,
  "simpleFinalPortfolio": 101.88183009501756,
  "simpleReturnPercent": 1.881830095017567,
  "initialPortfolio": 100,
  "maxDrawdown": 2.2638674695654544,
  "maxDrawdownPct": 2.2229423088930615,
  "stdDevReturnsPct": 1.1900971579673387,
  "peakPortfolio": 101.84103566289906,
  "daysActive": 58.708333333333336,
  "twrDailyPct": 0.03107867549339005,
  "twrWeeklyPct": 0.21775366920562256,
  "twrAnnualPct": 12.010176391520822,
  "riskAdjustedScore": 0.026114401908556597,
  "clampMinPnlEnabled": false,
  "minPnlFloor": 0.8
}