{
  "caller": "Crypto BO$$ 💀",
  "totalCalls": 7,
  "uniqueTokens": 7,
  "totalTrades": 6,
  "winRate": 50,
  "winningTrades": 3,
  "losingTrades": 3,
  "avgPnlPerTrade": 5.486849354588569,
  "finalPortfolio": 103.27427613485092,
  "compoundFactor": 1.0327427613485092,
  "simpleFinalPortfolio": 103.29210961275314,
  "simpleReturnPercent": 3.292109612753147,
  "initialPortfolio": 100,
  "maxDrawdown": 1.649133528324299,
  "maxDrawdownPct": 1.5724948124789366,
  "stdDevReturnsPct": 2.1501667310079817,
  "peakPortfolio": 104.87370230013964,
  "daysActive": 33.083333333333336,
  "twrDailyPct": 0.09743223489779851,
  "twrWeeklyPct": 0.6840224231724257,
  "twrAnnualPct": 42.68290318770054,
  "riskAdjustedScore": 0.045313804503022435,
  "clampMinPnlEnabled": false,
  "minPnlFloor": 0.8
}