{
  "caller": "Goons🧲 𓃵",
  "totalCalls": 12,
  "uniqueTokens": 10,
  "totalTrades": 3,
  "winRate": 66.66666666666666,
  "winningTrades": 2,
  "losingTrades": 1,
  "avgPnlPerTrade": -4.965985032319379,
  "finalPortfolio": 98.50829441905275,
  "compoundFactor": 0.9850829441905274,
  "simpleFinalPortfolio": 98.51020449030419,
  "simpleReturnPercent": -1.4897955096958126,
  "initialPortfolio": 100,
  "maxDrawdown": 1.7102496547636719,
  "maxDrawdownPct": 1.7065201560940455,
  "stdDevReturnsPct": 1.0484670449392206,
  "peakPortfolio": 100.21854407381642,
  "daysActive": 28.75,
  "twrDailyPct": -0.052262630693100665,
  "twrWeeklyPct": -0.3652653238739312,
  "twrAnnualPct": -17.370916515415857,
  "riskAdjustedScore": -0.049846708053785625,
  "clampMinPnlEnabled": false,
  "minPnlFloor": 0.8
}