{
  "caller": "Joe",
  "totalCalls": 1,
  "uniqueTokens": 1,
  "totalTrades": 1,
  "winRate": 100,
  "winningTrades": 1,
  "losingTrades": 0,
  "avgPnlPerTrade": 1.2141075652206013,
  "finalPortfolio": 100.12141075652207,
  "compoundFactor": 1.0012141075652208,
  "simpleFinalPortfolio": 100.12141075652207,
  "simpleReturnPercent": 0.12141075652207789,
  "initialPortfolio": 100,
  "maxDrawdown": 0,
  "maxDrawdownPct": 0,
  "stdDevReturnsPct": 0,
  "peakPortfolio": 100.12141075652207,
  "daysActive": 1,
  "twrDailyPct": 0.12141075652207789,
  "twrWeeklyPct": 0.8529770871668063,
  "twrAnnualPct": 55.71861824969637,
  "riskAdjustedScore": 0,
  "clampMinPnlEnabled": false,
  "minPnlFloor": 0.8
}