{
  "caller": "meta maxist",
  "totalCalls": 203,
  "strategies": {
    "Basic_6h_10pctSL_10pctClamp": {
      "totalTrades": 174,
      "winRate": 2.8735632183908044,
      "winningTrades": 5,
      "losingTrades": 169,
      "avgPnlPerTrade": -8.155286064088916,
      "totalReturn": -283.8039550302942,
      "finalPortfolio": -183.8039550302942,
      "maxDrawdown": 283.8039550302942,
      "maxDrawdownPct": 283.8039550302942,
      "description": "Hold 6h, 10% SL, 10% loss clamp"
    },
    "Basic_6h_20pctSL_20pctClamp": {
      "totalTrades": 174,
      "winRate": 7.471264367816093,
      "winningTrades": 13,
      "losingTrades": 161,
      "avgPnlPerTrade": -6.857180108476843,
      "totalReturn": -119.31493388749657,
      "finalPortfolio": -19.314933887496565,
      "maxDrawdown": 184.82986995534054,
      "maxDrawdownPct": 184.82986995534054,
      "description": "Hold 6h, 20% SL, 20% loss clamp"
    },
    "Basic_6h_20pctSL_30pctClamp": {
      "totalTrades": 174,
      "winRate": 7.471264367816093,
      "winningTrades": 13,
      "losingTrades": 161,
      "avgPnlPerTrade": -6.857180108476843,
      "totalReturn": -79.54328925833119,
      "finalPortfolio": 20.456710741668818,
      "maxDrawdown": 123.21991330356047,
      "maxDrawdownPct": 123.21991330356047,
      "description": "Hold 6h, 20% SL, 30% loss clamp"
    },
    "TP_6h_20pctSL_50pctTP": {
      "totalTrades": 174,
      "winRate": 25.287356321839084,
      "winningTrades": 44,
      "losingTrades": 130,
      "avgPnlPerTrade": -3.733364658439766,
      "totalReturn": -64.96054505685171,
      "finalPortfolio": 35.03945494314829,
      "maxDrawdown": 77.84359198094657,
      "maxDrawdownPct": 72.32962941169536,
      "description": "Hold 6h, 20% SL, 50% TP"
    },
    "TP_6h_20pctSL_100pctTP": {
      "totalTrades": 174,
      "winRate": 16.091954022988507,
      "winningTrades": 28,
      "losingTrades": 146,
      "avgPnlPerTrade": -2.9195504992437518,
      "totalReturn": -50.800178686840795,
      "finalPortfolio": 49.19982131315921,
      "maxDrawdown": 71.00516698094643,
      "maxDrawdownPct": 64.0300299234206,
      "description": "Hold 6h, 20% SL, 100% TP"
    },
    "TP_24h_20pctSL_200pctTP": {
      "totalTrades": 174,
      "winRate": 9.195402298850574,
      "winningTrades": 16,
      "losingTrades": 158,
      "avgPnlPerTrade": -3.1398598650116174,
      "totalReturn": -54.63356165120166,
      "finalPortfolio": 45.36643834879834,
      "maxDrawdown": 112.71274045624968,
      "maxDrawdownPct": 83.90189447867394,
      "description": "Hold 24h, 20% SL, 200% TP"
    },
    "Trailing_6h_20pctSL_25pctTrail_50pctActivate": {
      "totalTrades": 174,
      "winRate": 32.18390804597701,
      "winningTrades": 56,
      "losingTrades": 118,
      "avgPnlPerTrade": 4.86288631830182,
      "totalReturn": 84.61422193845225,
      "finalPortfolio": 184.61422193845226,
      "maxDrawdown": 39.423024210743776,
      "maxDrawdownPct": 20.15771143284481,
      "description": "Hold 6h, 20% SL, 25% trailing stop (activates at 50% gain)"
    },
    "Trailing_24h_20pctSL_30pctTrail_100pctActivate": {
      "totalTrades": 174,
      "winRate": 17.81609195402299,
      "winningTrades": 31,
      "losingTrades": 143,
      "avgPnlPerTrade": 0.8918843723221443,
      "totalReturn": 15.518788078405986,
      "finalPortfolio": 115.51878807840599,
      "maxDrawdown": 55.88933546235869,
      "maxDrawdownPct": 33.314724014880056,
      "description": "Hold 24h, 20% SL, 30% trailing stop (activates at 100% gain)"
    },
    "Dip_10pctDrop_ReboundToAlert_6h": {
      "totalTrades": 163,
      "winRate": 5.521472392638037,
      "winningTrades": 9,
      "losingTrades": 154,
      "avgPnlPerTrade": -10.239022590030594,
      "totalReturn": -166.89606821749808,
      "finalPortfolio": -66.8960682174981,
      "maxDrawdown": 207.2541036939666,
      "maxDrawdownPct": 207.2541036939666,
      "description": "Buy dip: Wait for 10% drop, re-enter when price rebounds to alert level, hold 6h"
    },
    "Dip_20pctDrop_ReboundToAlert_6h": {
      "totalTrades": 138,
      "winRate": 2.1739130434782608,
      "winningTrades": 3,
      "losingTrades": 135,
      "avgPnlPerTrade": -17.54413508189273,
      "totalReturn": -242.1090641301188,
      "finalPortfolio": -142.1090641301188,
      "maxDrawdown": 242.1090641301188,
      "maxDrawdownPct": 242.1090641301188,
      "description": "Buy dip: Wait for 20% drop, re-enter when price rebounds to alert level, hold 6h"
    },
    "Dip_40pctDrop_ReboundToMinus30pct_24h": {
      "totalTrades": 142,
      "winRate": 0,
      "winningTrades": 0,
      "losingTrades": 142,
      "avgPnlPerTrade": -20.655407267289743,
      "totalReturn": -293.30678319551333,
      "finalPortfolio": -193.30678319551336,
      "maxDrawdown": 293.3067831955134,
      "maxDrawdownPct": 293.3067831955134,
      "description": "Buy dip: Wait for 40% drop, re-enter when price rebounds to -30% of alert, hold 24h"
    },
    "Dip_30pctDrop_ReboundToMinus10pct_6h": {
      "totalTrades": 131,
      "winRate": 1.5267175572519083,
      "winningTrades": 2,
      "losingTrades": 129,
      "avgPnlPerTrade": -17.561420004058235,
      "totalReturn": -230.05460205316206,
      "finalPortfolio": -130.05460205316209,
      "maxDrawdown": 230.05460205316209,
      "maxDrawdownPct": 230.0546020531621,
      "description": "Buy dip: Wait for 30% drop, re-enter when price rebounds to -10% of alert, hold 6h"
    },
    "MultiTrade_20pctTrail_50pctDropRebound_24h": {
      "totalTrades": 279,
      "winRate": 42.65232974910394,
      "winningTrades": 119,
      "losingTrades": 160,
      "avgPnlPerTrade": 10.6909283712001,
      "totalReturn": 298.2769015564826,
      "finalPortfolio": 398.2769015564826,
      "maxDrawdown": 17.36078108166093,
      "maxDrawdownPct": 4.343442846208811,
      "description": "Multi-trade: 20% trailing stop, re-enter after 50% drop from peak + 20% rebound"
    },
    "MultiTrade_20pctTrail_RSI_MACD_24h": {
      "totalTrades": 254,
      "winRate": 34.645669291338585,
      "winningTrades": 88,
      "losingTrades": 166,
      "avgPnlPerTrade": 6.574848976404713,
      "totalReturn": 167.00116400067958,
      "finalPortfolio": 267.0011640006796,
      "maxDrawdown": 17.54375031926807,
      "maxDrawdownPct": 6.369759586581386,
      "description": "Multi-trade: 20% trailing stop, re-enter using RSI/MACD signals"
    },
    "MultiTrade_20pctTrail_MA_24h": {
      "totalTrades": 244,
      "winRate": 31.967213114754102,
      "winningTrades": 78,
      "losingTrades": 166,
      "avgPnlPerTrade": 5.9900568021197005,
      "totalReturn": 146.15738597172094,
      "finalPortfolio": 246.15738597172094,
      "maxDrawdown": 17.1547837546037,
      "maxDrawdownPct": 6.652484960959323,
      "description": "Multi-trade: 20% trailing stop, re-enter using MA crossovers"
    },
    "Ichimoku_5m_TenkanKijunCross_20pctTrail_24h": {
      "totalTrades": 136,
      "winRate": 22.058823529411764,
      "winningTrades": 30,
      "losingTrades": 106,
      "avgPnlPerTrade": -5.650222963156202,
      "totalReturn": -76.84303229892433,
      "finalPortfolio": 23.156967701075665,
      "maxDrawdown": 76.84303229892433,
      "maxDrawdownPct": 76.84303229892433,
      "description": "Delayed entry: Ichimoku Tenkan-Kijun cross on 5m, 20% trailing stop, 20% loss cap"
    },
    "Ichimoku_5m_CloudCross_20pctTrail_24h": {
      "totalTrades": 127,
      "winRate": 22.04724409448819,
      "winningTrades": 28,
      "losingTrades": 99,
      "avgPnlPerTrade": -7.567020828184626,
      "totalReturn": -96.10116451794465,
      "finalPortfolio": 3.898835482055354,
      "maxDrawdown": 96.70592239293671,
      "maxDrawdownPct": 96.12460129678965,
      "description": "Delayed entry: Ichimoku cloud cross on 5m, 20% trailing stop, 20% loss cap"
    },
    "PriceBreakout_5pct_20pctTrail_24h": {
      "totalTrades": 61,
      "winRate": 21.311475409836063,
      "winningTrades": 13,