{
  "summary": {
    "totalWindows": 8,
    "windowSizeDays": 30,
    "windowStepDays": 15,
    "avgCorrelation7d": 0.021811173837637407,
    "avgCorrelation30d": 0.02143035046476095,
    "avgPrecisionTop10": 24.497731697024147,
    "avgPrecisionTop25": 19.412102626404003,
    "avgRecallTop10": 13.24209755436145,
    "avgRecallTop25": 26.56922291408597,
    "avgTop10Return7d": 3.579995427258277,
    "avgTop10Return30d": 3.6083344042623318,
    "avgBottom10Return7d": 5.680398753503706,
    "avgBottom10Return30d": 5.747927295874508,
    "top10Outperformance7d": 0.6302366405263562,
    "top10Outperformance30d": 0.6277627079333731
  },
  "windows": [
    {
      "windowStart": 1754146251,
      "windowEnd": 1756738251,
      "trainingCalls": 468,
      "testCalls": 1035,
      "scoredCalls": 902,
      "correlation7d": -0.009763957652793536,
      "correlation30d": -0.014256302820384188,
      "top10PercentAvgReturn7d": 3.824088792098382,
      "top10PercentAvgReturn30d": 3.8472314838859796,
      "bottom10PercentAvgReturn7d": 3.738571858297074,
      "bottom10PercentAvgReturn30d": 3.8215061856292327,
      "precisionTop10": 22.22222222222222,
      "precisionTop25": 21.777777777777775,
      "recallTop10": 10.695187165775401,
      "recallTop25": 26.203208556149733
    },
    {
      "windowStart": 1755442251,
      "windowEnd": 1758034251,
      "trainingCalls": 1073,
      "testCalls": 826,
      "scoredCalls": 723,
      "correlation7d": -0.037440414844726655,
      "correlation30d": -0.01988963360134771,
      "top10PercentAvgReturn7d": 2.303751092396081,
      "top10PercentAvgReturn30d": 2.3140953463395437,
      "bottom10PercentAvgReturn7d": 2.893827070514382,
      "bottom10PercentAvgReturn30d": 2.893827070514382,
      "precisionTop10": 15.277777777777779,
      "precisionTop25": 14.444444444444443,
      "recallTop10": 10.091743119266056,
      "recallTop25": 23.853211009174313
    },
    {
      "windowStart": 1756738251,
      "windowEnd": 1759330251,
      "trainingCalls": 1503,
      "testCalls": 650,
      "scoredCalls": 558,
      "correlation7d": -0.02729272862081136,
      "correlation30d": -0.016785732373469364,
      "top10PercentAvgReturn7d": 2.872653716401677,
      "top10PercentAvgReturn30d": 2.9192108903808904,
      "bottom10PercentAvgReturn7d": 3.410197643131644,
      "bottom10PercentAvgReturn30d": 3.489856836020468,
      "precisionTop10": 21.818181818181817,
      "precisionTop25": 16.546762589928058,
      "recallTop10": 13.333333333333334,
      "recallTop25": 25.555555555555554
    },
    {
      "windowStart": 1758034251,
      "windowEnd": 1760626251,
      "trainingCalls": 1899,
      "testCalls": 598,
      "scoredCalls": 459,
      "correlation7d": -0.003230719512232289,
      "correlation30d": -0.0027944129367205805,
      "top10PercentAvgReturn7d": 3.3714152176105188,
      "top10PercentAvgReturn30d": 3.4549879159179144,
      "bottom10PercentAvgReturn7d": 2.7528775947807342,
      "bottom10PercentAvgReturn30d": 2.7528775947807342,
      "precisionTop10": 20,
      "precisionTop25": 16.666666666666664,
      "recallTop10": 11.688311688311687,
      "recallTop25": 24.675324675324674
    },
    {
      "windowStart": 1759330251,
      "windowEnd": 1761922251,
      "trainingCalls": 2153,
      "testCalls": 766,
      "scoredCalls": 539,
      "correlation7d": -0.029031401797348064,
      "correlation30d": -0.03332422323236677,
      "top10PercentAvgReturn7d": 3.2563768510250313,
      "top10PercentAvgReturn30d": 3.2932337695156657,
      "bottom10PercentAvgReturn7d": 3.5071698975468033,
      "bottom10PercentAvgReturn30d": 3.8798871386248543,
      "precisionTop10": 16.9811320754717,
      "precisionTop25": 13.432835820895523,
      "recallTop10": 11.25,
      "recallTop25": 22.5
    },
    {
      "windowStart": 1760626251,
      "windowEnd": 1763218251,
      "trainingCalls": 2497,
      "testCalls": 632,
      "scoredCalls": 453,
      "correlation7d": 0.04595510838151365,
      "correlation30d": 0.033016339065328255,
      "top10PercentAvgReturn7d": 3.7116283326023436,
      "top10PercentAvgReturn30d": 3.7290656771819948,
      "bottom10PercentAvgReturn7d": 2.1013423747931546,
      "bottom10PercentAvgReturn30d": 2.105150614510845,
      "precisionTop10": 37.77777777777778,
      "precisionTop25": 24.778761061946902,
      "recallTop10": 21.794871794871796,
      "recallTop25": 35.8974358974359
    },
    {
      "windowStart": 1761922251,
      "windowEnd": 1764514251,
      "trainingCalls": 2919,
      "testCalls": 255,
      "scoredCalls": 210,
      "correlation7d": 0.11467683540604472,
      "correlation30d": 0.11087032976533197,
      "top10PercentAvgReturn7d": 7.843264680435025,
      "top10PercentAvgReturn30d": 7.852065415379506,
      "bottom10PercentAvgReturn7d": 5.119554689294879,
      "bottom10PercentAvgReturn30d": 5.1206640272445805,
      "precisionTop10": 61.904761904761905,
      "precisionTop25": 36.53846153846153,
      "recallTop10": 27.083333333333332,
      "recallTop25": 39.58333333333333
    },
    {
      "windowStart": 1763218251,
      "windowEnd": 1765810251,
      "trainingCalls": 3129,
      "testCalls": 45,
      "scoredCalls": 37,
      "correlation7d": 0.12061666934145279,
      "correlation30d": 0.114606439851716,
      "top10PercentAvgReturn7d": 1.4567847354971584,
      "top10PercentAvgReturn30d": 1.4567847354971584,
      "bottom10PercentAvgReturn7d": 21.91964889967097,
      "bottom10PercentAvgReturn30d": 21.91964889967097,
      "precisionTop10": 0,
      "precisionTop25": 11.11111111111111,
      "recallTop10": 0,
      "recallTop25": 14.285714285714285
    }
  ]
}