{
  "totalCalls": 20,
  "scoredCalls": 16,
  "top10Percent": {
    "count": 1,
    "avgReturn30d": 48.694597180664566
  },
  "top25Percent": {
    "count": 4,
    "avgReturn30d": 13.301859620941489
  }
}