{
  "caller": "ʟ ᴇ ᴍ ᴏ ɴ ᴄ ʜ ɪ ʟ ᴅ 🍋",
  "totalCalls": 6,
  "uniqueTokens": 6,
  "totalTrades": 2,
  "winRate": 100,
  "winningTrades": 2,
  "losingTrades": 0,
  "avgPnlPerTrade": 16.44165067997817,
  "finalPortfolio": 103.2905466569372,
  "compoundFactor": 1.032905466569372,
  "simpleFinalPortfolio": 103.28833013599564,
  "simpleReturnPercent": 3.288330135995632,
  "initialPortfolio": 100,
  "maxDrawdown": 0,
  "maxDrawdownPct": 0,
  "stdDevReturnsPct": 2.1244520945104246,
  "peakPortfolio": 103.2905466569372,
  "daysActive": 1.2083333333333333,
  "twrDailyPct": 2.7155837529908355,
  "twrWeeklyPct": 20.629734156368396,
  "twrAnnualPct": 1767010.1297587513,
  "riskAdjustedScore": 1.2782513477276765,
  "clampMinPnlEnabled": false,
  "minPnlFloor": 0.8
}