{
  "caller": "Badass [ WON’T DM FIRST ]",
  "totalCalls": 4,
  "uniqueTokens": 3,
  "totalTrades": 3,
  "winRate": 0,
  "winningTrades": 0,
  "losingTrades": 3,
  "avgPnlPerTrade": -6.653064960611232,
  "finalPortfolio": 98.00739101106453,
  "compoundFactor": 0.9800739101106453,
  "simpleFinalPortfolio": 98.00408051181662,
  "simpleReturnPercent": -1.995919488183373,
  "initialPortfolio": 100,
  "maxDrawdown": 1.9926089889354728,
  "maxDrawdownPct": 1.9926089889354726,
  "stdDevReturnsPct": 0.5808088108875715,
  "peakPortfolio": 100,
  "daysActive": 74.125,
  "twrDailyPct": -0.027149489819833228,
  "twrWeeklyPct": -0.1898917088534402,
  "twrAnnualPct": -9.435609610387719,
  "riskAdjustedScore": -0.04674428023628694,
  "clampMinPnlEnabled": false,
  "minPnlFloor": 0.8
}