{
  "caller": "meta maxist",
  "totalCalls": 227,
  "uniqueTokens": 224,
  "totalTrades": 189,
  "winRate": 36.507936507936506,
  "winningTrades": 69,
  "losingTrades": 120,
  "avgPnlPerTrade": 3.4474346364148345,
  "finalPortfolio": 182.48086371851593,
  "compoundFactor": 1.8248086371851593,
  "maxDrawdown": 22.52558328362511,
  "maxDrawdownPct": 11.579774652464193,
  "simpleFinalPortfolio": 165.15651462824036,
  "simpleReturnPercent": 65.15651462824037,
  "maxDrawdownNoReinvestment": 12.845793430650886,
  "maxDrawdownPctNoReinvestment": 7.507131417345605,
  "initialPortfolio": 100,
  "stdDevReturnsPct": 2.34266044355394,
  "peakPortfolio": 194.52523006422783,
  "avgPerTradeMaxDrawdown": 8.426910074464969,
  "maxPerTradeMaxDrawdown": 60.711209678995445,
  "avgRiskRatio": 422.80220168766203,
  "medianRiskRatio": 0,
  "daysActive": 108.20833333333333,
  "twrDailyPct": 0.5573968801296125,
  "twrWeeklyPct": 3.9676328441897057,
  "twrAnnualPct": 660.5331229349536,
  "twrAnnualDrawdownAdjusted": 660.5331229349523,
  "calmarRatio": 57.04196694314695,
  "riskAdjustedScore": 0.23793327866330125,
  "clampMinPnlEnabled": true,
  "minPnlFloor": 0.8
}