{
  "caller": "Meechi",
  "totalCalls": 1,
  "uniqueTokens": 1,
  "totalTrades": 1,
  "winRate": 100,
  "winningTrades": 1,
  "losingTrades": 0,
  "avgPnlPerTrade": 1050.2554709808837,
  "finalPortfolio": 205.02554709808837,
  "compoundFactor": 2.0502554709808836,
  "simpleFinalPortfolio": 205.02554709808837,
  "simpleReturnPercent": 105.02554709808835,
  "initialPortfolio": 100,
  "maxDrawdown": 0,
  "maxDrawdownPct": 0,
  "stdDevReturnsPct": 0,
  "peakPortfolio": 205.02554709808837,
  "daysActive": 1,
  "twrDailyPct": 105.02554709808835,
  "twrWeeklyPct": 15128.45541723054,
  "twrAnnualPct": 6.455241614014559e+115,
  "riskAdjustedScore": 0,
  "clampMinPnlEnabled": false,
  "minPnlFloor": 0.8
}