{
  "caller": "Degens",
  "totalCalls": 7,
  "uniqueTokens": 7,
  "totalTrades": 6,
  "winRate": 83.33333333333334,
  "winningTrades": 5,
  "losingTrades": 1,
  "avgPnlPerTrade": 11.035822839785176,
  "finalPortfolio": 106.68981970674045,
  "compoundFactor": 1.0668981970674045,
  "simpleFinalPortfolio": 106.62149370387111,
  "simpleReturnPercent": 6.621493703871106,
  "initialPortfolio": 100,
  "maxDrawdown": 0.3106266579684984,
  "maxDrawdownPct": 0.2911492950520692,
  "stdDevReturnsPct": 1.2732394918116106,
  "peakPortfolio": 106.68981970674045,
  "daysActive": 54.375,
  "twrDailyPct": 0.11916162126397456,
  "twrWeeklyPct": 0.8371191713467674,
  "twrAnnualPct": 54.44702674081816,
  "riskAdjustedScore": 0.09358932237832739,
  "clampMinPnlEnabled": false,
  "minPnlFloor": 0.8
}