{
  "caller": "Brook Giga I verify @BrookCalls",
  "totalCalls": 527,
  "uniqueTokens": 405,
  "totalTrades": 301,
  "winRate": 31.561461794019934,
  "winningTrades": 95,
  "losingTrades": 206,
  "avgPnlPerTrade": 0.4158933239994135,
  "finalPortfolio": 103.90026522165678,
  "compoundFactor": 1.0390026522165678,
  "maxDrawdown": 29.233394324406305,
  "maxDrawdownPct": 24.89076005973622,
  "simpleFinalPortfolio": 112.51838905238247,
  "simpleReturnPercent": 12.518389052382473,
  "maxDrawdownNoReinvestment": 30.71976886280288,
  "maxDrawdownPctNoReinvestment": 24.522387004927445,
  "initialPortfolio": 100,
  "stdDevReturnsPct": 2.4514163434314478,
  "peakPortfolio": 117.44677243381899,
  "avgPerTradeMaxDrawdown": 9.269996049446474,
  "maxPerTradeMaxDrawdown": 60.711209678995445,
  "avgRiskRatio": 359.7277085498737,
  "medianRiskRatio": 0,
  "daysActive": 109.375,
  "twrDailyPct": 0.034987847115641735,
  "twrWeeklyPct": 0.24517215115174018,
  "twrAnnualPct": 13.61931206859981,
  "twrAnnualDrawdownAdjusted": 13.619312068599656,
  "calmarRatio": 0.5471633664827565,
  "riskAdjustedScore": 0.014272502999905103,
  "clampMinPnlEnabled": true,
  "minPnlFloor": 0.8
}