{
  "caller": "🤵🍌Mr Banana🍌🤵.ࣩࣩ",
  "totalCalls": 3,
  "uniqueTokens": 3,
  "totalTrades": 2,
  "winRate": 100,
  "winningTrades": 2,
  "losingTrades": 0,
  "avgPnlPerTrade": 3.8233118076098638,
  "finalPortfolio": 100.76483721516082,
  "compoundFactor": 1.0076483721516083,
  "simpleFinalPortfolio": 100.76466236152197,
  "simpleReturnPercent": 0.7646623615219728,
  "initialPortfolio": 100,
  "maxDrawdown": 0,
  "maxDrawdownPct": 0,
  "stdDevReturnsPct": 0.4714830444177949,
  "peakPortfolio": 100.76483721516082,
  "daysActive": 13.25,
  "twrDailyPct": 0.057520473590289,
  "twrWeeklyPct": 0.40333878863427763,
  "twrAnnualPct": 23.354158534461476,
  "riskAdjustedScore": 0.12199902896045277,
  "clampMinPnlEnabled": false,
  "minPnlFloor": 0.8
}