{
  "caller": "Brook",
  "totalCalls": 831,
  "uniqueTokens": 831,
  "totalTrades": 413,
  "winRate": 49.39467312348668,
  "winningTrades": 204,
  "losingTrades": 209,
  "avgPnlPerTrade": 8.393996524539292,
  "finalPortfolio": 2340.0228805667866,
  "compoundFactor": 23.400228805667865,
  "simpleFinalPortfolio": 446.67205646347264,
  "simpleReturnPercent": 346.6720564634726,
  "initialPortfolio": 100,
  "maxDrawdown": 152.2377292917172,
  "maxDrawdownPct": 6.505822253107331,
  "stdDevReturnsPct": 33.60958809227845,
  "peakPortfolio": 2340.0228805667866,
  "avgPerTradeMaxDrawdown": 3.7411808354794167,
  "maxPerTradeMaxDrawdown": 19.999999999999996,
  "avgRiskRatio": 2.1274270584396877,
  "medianRiskRatio": 0.5777923269119222,
  "daysActive": 107.40563657407408,
  "twrDailyPct": 54657.07081576079,
  "twrWeeklyPct": 1.4759833384697916e+21,
  "twrAnnualPct": null,
  "riskAdjustedScore": 1626.2344740939518,
  "clampMinPnlEnabled": true,
  "minPnlFloor": 0.8
}