{
  "caller": "Mistor",
  "totalCalls": 96,
  "uniqueTokens": 92,
  "totalTrades": 73,
  "winRate": 39.726027397260275,
  "winningTrades": 29,
  "losingTrades": 44,
  "avgPnlPerTrade": 7.448509946581295,
  "finalPortfolio": 164.01301125014794,
  "compoundFactor": 1.6401301125014793,
  "maxDrawdown": 13.483978628233757,
  "maxDrawdownPct": 8.19533149482038,
  "simpleFinalPortfolio": 154.37412261004351,
  "simpleReturnPercent": 54.37412261004351,
  "maxDrawdownNoReinvestment": 9.411277326973703,
  "maxDrawdownPctNoReinvestment": 6.082737293165737,
  "initialPortfolio": 100,
  "stdDevReturnsPct": 3.0614886037748232,
  "peakPortfolio": 164.53243699484167,
  "avgPerTradeMaxDrawdown": 8.778958135205693,
  "maxPerTradeMaxDrawdown": 53.40804175245225,
  "avgRiskRatio": 662.642071005089,
  "medianRiskRatio": 0,
  "daysActive": 106.20833333333333,
  "twrDailyPct": 0.4669406035827883,
  "twrWeeklyPct": 3.314729264801408,
  "twrAnnualPct": 447.59536036182055,
  "twrAnnualDrawdownAdjusted": 447.59536036181714,
  "calmarRatio": 54.615894505879375,
  "riskAdjustedScore": 0.15252077143355994,
  "clampMinPnlEnabled": true,
  "minPnlFloor": 0.8
}