{
  "caller": "Khing👑 | @khingcallsgem",
  "totalCalls": 2,
  "uniqueTokens": 2,
  "totalTrades": 2,
  "winRate": 50,
  "winningTrades": 1,
  "losingTrades": 1,
  "avgPnlPerTrade": -0.17947831276759474,
  "finalPortfolio": 99.96399159056396,
  "compoundFactor": 0.9996399159056396,
  "simpleFinalPortfolio": 99.96410433744649,
  "simpleReturnPercent": -0.035895662553508956,
  "initialPortfolio": 100,
  "maxDrawdown": 0.16918109861809683,
  "maxDrawdownPct": 0.16918109861809683,
  "stdDevReturnsPct": 0.21395599694795628,
  "peakPortfolio": 100,
  "daysActive": 8.875,
  "twrDailyPct": -0.004057933891299381,
  "twrWeeklyPct": -0.028402079439182604,
  "twrAnnualPct": -1.4702604713229483,
  "riskAdjustedScore": -0.018966207767882538,
  "clampMinPnlEnabled": false,
  "minPnlFloor": 0.8
}