{
  "caller": "davinch",
  "totalCalls": 199,
  "uniqueTokens": 198,
  "totalTrades": 169,
  "winRate": 42.01183431952663,
  "winningTrades": 71,
  "losingTrades": 98,
  "avgPnlPerTrade": 3.1682976516476087,
  "finalPortfolio": 162.6766305947479,
  "compoundFactor": 1.626766305947479,
  "simpleFinalPortfolio": 153.5442303128446,
  "simpleReturnPercent": 53.54423031284461,
  "initialPortfolio": 100,
  "maxDrawdown": 35.8046688304954,
  "maxDrawdownPct": 21.92922596956576,
  "stdDevReturnsPct": 2.155204784190197,
  "peakPortfolio": 163.27374655259845,
  "avgPerTradeMaxDrawdown": 7.370896979219515,
  "maxPerTradeMaxDrawdown": 39.96031827833023,
  "avgRiskRatio": 509.11716045657926,
  "medianRiskRatio": 0,
  "daysActive": 107.08333333333333,
  "twrDailyPct": 0.4554410134054887,
  "twrWeeklyPct": 3.2319788192670007,
  "twrAnnualPct": 425.18774373832116,
  "riskAdjustedScore": 0.2113214562005612,
  "clampMinPnlEnabled": false,
  "minPnlFloor": 0.8
}