{
  "caller": "Phillip (PhillipsCalls)🇦🇪",
  "totalCalls": 1,
  "uniqueTokens": 1,
  "totalTrades": 1,
  "winRate": 100,
  "winningTrades": 1,
  "losingTrades": 0,
  "avgPnlPerTrade": 0.34303020467618683,
  "finalPortfolio": 100.03430302046762,
  "compoundFactor": 1.000343030204676,
  "simpleFinalPortfolio": 100.03430302046762,
  "simpleReturnPercent": 0.03430302046760758,
  "initialPortfolio": 100,
  "maxDrawdown": 0,
  "maxDrawdownPct": 0,
  "stdDevReturnsPct": 0,
  "peakPortfolio": 100.03430302046762,
  "daysActive": 1,
  "twrDailyPct": 0.03430302046760758,
  "twrWeeklyPct": 0.24036839101144736,
  "twrAnnualPct": 13.33576004565915,
  "riskAdjustedScore": 0,
  "clampMinPnlEnabled": false,
  "minPnlFloor": 0.8
}