{
  "caller": "Zephyr (Back 10/25)",
  "totalCalls": 4,
  "uniqueTokens": 4,
  "totalTrades": 2,
  "winRate": 100,
  "winningTrades": 2,
  "losingTrades": 0,
  "avgPnlPerTrade": 4.967402744539562,
  "finalPortfolio": 100.99389857014692,
  "compoundFactor": 1.0099389857014693,
  "simpleFinalPortfolio": 100.99348054890791,
  "simpleReturnPercent": 0.9934805489079102,
  "initialPortfolio": 100,
  "maxDrawdown": 0,
  "maxDrawdownPct": 0,
  "stdDevReturnsPct": 0.5709255782569231,
  "peakPortfolio": 100.99389857014692,
  "daysActive": 53.875,
  "twrDailyPct": 0.01835884295386947,
  "twrWeeklyPct": 0.12858270223232715,
  "twrAnnualPct": 6.9299355900938275,
  "riskAdjustedScore": 0.03215628035079517,
  "clampMinPnlEnabled": false,
  "minPnlFloor": 0.8
}