{
  "caller": "Argy",
  "totalCalls": 2,
  "uniqueTokens": 2,
  "totalTrades": 2,
  "winRate": 50,
  "winningTrades": 1,
  "losingTrades": 1,
  "avgPnlPerTrade": 42.86174897637509,
  "finalPortfolio": 108.54564531019743,
  "compoundFactor": 1.0854564531019744,
  "simpleFinalPortfolio": 108.57234979527502,
  "simpleReturnPercent": 8.572349795275013,
  "initialPortfolio": 100,
  "maxDrawdown": 0.6100462234784487,
  "maxDrawdownPct": 0.5588771551048641,
  "stdDevReturnsPct": 6.869237396139372,
  "peakPortfolio": 109.15569153367588,
  "daysActive": 34,
  "twrDailyPct": 0.24146928221833175,
  "twrWeeklyPct": 1.70257892975898,
  "twrAnnualPct": 141.16242416625914,
  "riskAdjustedScore": 0.035152269210268025,
  "clampMinPnlEnabled": false,
  "minPnlFloor": 0.8
}