{
  "caller": "Austic",
  "totalCalls": 213,
  "strategies": {
    "Basic_6h_10pctSL_10pctClamp": {
      "totalTrades": 182,
      "winRate": 2.7472527472527473,
      "winningTrades": 5,
      "losingTrades": 177,
      "avgPnlPerTrade": -8.530318347519632,
      "totalReturn": -310.5035878497149,
      "finalPortfolio": -210.50358784971493,
      "maxDrawdown": 332.12494559976255,
      "maxDrawdownPct": 332.12494559976255,
      "description": "Hold 6h, 10% SL, 10% loss clamp"
    },
    "Basic_6h_20pctSL_20pctClamp": {
      "totalTrades": 182,
      "winRate": 5.4945054945054945,
      "winningTrades": 10,
      "losingTrades": 172,
      "avgPnlPerTrade": -1.6422285230436842,
      "totalReturn": -29.888559119394387,
      "finalPortfolio": 70.11144088060561,
      "maxDrawdown": 203.63326404693612,
      "maxDrawdownPct": 155.64260980611456,
      "description": "Hold 6h, 20% SL, 20% loss clamp"
    },
    "Basic_6h_20pctSL_30pctClamp": {
      "totalTrades": 182,
      "winRate": 5.4945054945054945,
      "winningTrades": 10,
      "losingTrades": 172,
      "avgPnlPerTrade": -1.6422285230436842,
      "totalReturn": -19.92570607959666,
      "finalPortfolio": 80.07429392040333,
      "maxDrawdown": 135.75550936462432,
      "maxDrawdownPct": 112.6079167158023,
      "description": "Hold 6h, 20% SL, 30% loss clamp"
    },
    "TP_6h_20pctSL_50pctTP": {
      "totalTrades": 182,
      "winRate": 25.274725274725274,
      "winningTrades": 46,
      "losingTrades": 136,
      "avgPnlPerTrade": -3.167879826255758,
      "totalReturn": -57.655412837854755,
      "finalPortfolio": 42.344587162145245,
      "maxDrawdown": 63.57905072955897,
      "maxDrawdownPct": 63.57905072955897,
      "description": "Hold 6h, 20% SL, 50% TP"
    },
    "TP_6h_20pctSL_100pctTP": {
      "totalTrades": 182,
      "winRate": 14.285714285714285,
      "winningTrades": 26,
      "losingTrades": 156,
      "avgPnlPerTrade": -4.5649628522794945,
      "totalReturn": -83.08232391148658,
      "finalPortfolio": 16.917676088513428,
      "maxDrawdown": 100.4706505541528,
      "maxDrawdownPct": 100.47065055415281,
      "description": "Hold 6h, 20% SL, 100% TP"
    },
    "TP_24h_20pctSL_200pctTP": {
      "totalTrades": 182,
      "winRate": 10.43956043956044,
      "winningTrades": 19,
      "losingTrades": 163,
      "avgPnlPerTrade": -3.890530155626238,
      "totalReturn": -70.80764883239739,
      "finalPortfolio": 29.192351167602606,
      "maxDrawdown": 105.68392654974829,
      "maxDrawdownPct": 105.68392654974829,
      "description": "Hold 24h, 20% SL, 200% TP"
    },
    "Trailing_6h_20pctSL_25pctTrail_50pctActivate": {
      "totalTrades": 182,
      "winRate": 31.868131868131865,
      "winningTrades": 58,
      "losingTrades": 124,
      "avgPnlPerTrade": 8.883405373280743,
      "totalReturn": 161.67797779370977,
      "finalPortfolio": 261.6779777937098,
      "maxDrawdown": 73.66219608491481,
      "maxDrawdownPct": 27.130137189415688,
      "description": "Hold 6h, 20% SL, 25% trailing stop (activates at 50% gain)"
    },
    "Trailing_24h_20pctSL_30pctTrail_100pctActivate": {
      "totalTrades": 182,
      "winRate": 17.032967032967033,
      "winningTrades": 31,
      "losingTrades": 151,
      "avgPnlPerTrade": 2.108716314945602,
      "totalReturn": 38.37863693201029,
      "finalPortfolio": 138.3786369320103,
      "maxDrawdown": 121.41417856242852,
      "maxDrawdownPct": 81.8058708701292,
      "description": "Hold 24h, 20% SL, 30% trailing stop (activates at 100% gain)"
    },
    "Dip_10pctDrop_ReboundToAlert_6h": {
      "totalTrades": 170,
      "winRate": 1.7647058823529411,
      "winningTrades": 3,
      "losingTrades": 167,
      "avgPnlPerTrade": -19.39694149472683,
      "totalReturn": -329.7480054103546,
      "finalPortfolio": -229.74800541035464,
      "maxDrawdown": 329.7480054103546,
      "maxDrawdownPct": 329.7480054103546,
      "description": "Buy dip: Wait for 10% drop, re-enter when price rebounds to alert level, hold 6h"
    },
    "Dip_20pctDrop_ReboundToAlert_6h": {
      "totalTrades": 145,
      "winRate": 1.3793103448275863,
      "winningTrades": 2,
      "losingTrades": 143,
      "avgPnlPerTrade": -20.15036102574646,
      "totalReturn": -292.18023487332255,
      "finalPortfolio": -192.18023487332255,
      "maxDrawdown": 292.18023487332255,
      "maxDrawdownPct": 292.18023487332255,
      "description": "Buy dip: Wait for 20% drop, re-enter when price rebounds to alert level, hold 6h"
    },
    "Dip_40pctDrop_ReboundToMinus30pct_24h": {
      "totalTrades": 153,
      "winRate": 1.9607843137254901,
      "winningTrades": 3,
      "losingTrades": 150,
      "avgPnlPerTrade": -18.63386240331312,
      "totalReturn": -285.0980947706895,
      "finalPortfolio": -185.09809477068953,
      "maxDrawdown": 285.0980947706895,
      "maxDrawdownPct": 285.0980947706895,
      "description": "Buy dip: Wait for 40% drop, re-enter when price rebounds to -30% of alert, hold 24h"
    },
    "Dip_30pctDrop_ReboundToMinus10pct_6h": {
      "totalTrades": 137,
      "winRate": 2.18978102189781,
      "winningTrades": 3,
      "losingTrades": 134,
      "avgPnlPerTrade": -19.837265278344542,
      "totalReturn": -271.7705343133193,
      "finalPortfolio": -171.77053431331925,
      "maxDrawdown": 271.7705343133192,
      "maxDrawdownPct": 271.7705343133192,
      "description": "Buy dip: Wait for 30% drop, re-enter when price rebounds to -10% of alert, hold 6h"
    },
    "MultiTrade_20pctTrail_50pctDropRebound_24h": {
      "totalTrades": 310,
      "winRate": 46.45161290322581,
      "winningTrades": 144,
      "losingTrades": 166,
      "avgPnlPerTrade": 15.280698811221452,
      "totalReturn": 473.70166314786496,
      "finalPortfolio": 573.7016631478649,
      "maxDrawdown": 19.046894224851556,
      "maxDrawdownPct": 3.3077047607628542,
      "description": "Multi-trade: 20% trailing stop, re-enter after 50% drop from peak + 20% rebound"
    },
    "MultiTrade_20pctTrail_RSI_MACD_24h": {
      "totalTrades": 273,
      "winRate": 35.16483516483517,
      "winningTrades": 96,
      "losingTrades": 177,
      "avgPnlPerTrade": 8.62390332993018,
      "totalReturn": 235.43256090709406,
      "finalPortfolio": 335.43256090709406,
      "maxDrawdown": 39.42529102938539,
      "maxDrawdownPct": 11.50272725316253,
      "description": "Multi-trade: 20% trailing stop, re-enter using RSI/MACD signals"
    },
    "MultiTrade_20pctTrail_MA_24h": {
      "totalTrades": 273,
      "winRate": 37.362637362637365,
      "winningTrades": 102,
      "losingTrades": 171,
      "avgPnlPerTrade": 9.670689262119007,
      "totalReturn": 264.00981685584884,
      "finalPortfolio": 364.00981685584884,
      "maxDrawdown": 28.010170373817644,
      "maxDrawdownPct": 7.490636018349889,
      "description": "Multi-trade: 20% trailing stop, re-enter using MA crossovers"
    },
    "Ichimoku_5m_TenkanKijunCross_20pctTrail_24h": {
      "totalTrades": 143,
      "winRate": 27.27272727272727,
      "winningTrades": 39,
      "losingTrades": 104,
      "avgPnlPerTrade": -0.2007563261479564,
      "totalReturn": -2.8708154639156658,
      "finalPortfolio": 97.12918453608434,
      "maxDrawdown": 43.496413223381836,
      "maxDrawdownPct": 32.239641623085404,
      "description": "Delayed entry: Ichimoku Tenkan-Kijun cross on 5m, 20% trailing stop, 20% loss cap"
    },
    "Ichimoku_5m_CloudCross_20pctTrail_24h": {
      "totalTrades": 135,
      "winRate": 23.703703703703706,
      "winningTrades": 32,
      "losingTrades": 103,
      "avgPnlPerTrade": -3.707142166522557,
      "totalReturn": -50.0464192480544,
      "finalPortfolio": 49.9535807519456,
      "maxDrawdown": 71.31162059426998,
      "maxDrawdownPct": 59.461113056876734,
      "description": "Delayed entry: Ichimoku cloud cross on 5m, 20% trailing stop, 20% loss cap"
    },
    "PriceBreakout_5pct_20pctTrail_24h": {
      "totalTrades": 64,
      "winRate": 29.6875,