{
  "caller": "H B",
  "totalCalls": 3,
  "uniqueTokens": 3,
  "totalTrades": 3,
  "winRate": 100,
  "winningTrades": 3,
  "losingTrades": 0,
  "avgPnlPerTrade": 17.190486025434705,
  "finalPortfolio": 105.17711919410426,
  "compoundFactor": 1.0517711919410426,
  "simpleFinalPortfolio": 105.15714580763041,
  "simpleReturnPercent": 5.157145807630403,
  "initialPortfolio": 100,
  "maxDrawdown": 0,
  "maxDrawdownPct": 0,
  "stdDevReturnsPct": 2.420076673267209,
  "peakPortfolio": 105.17711919410426,
  "daysActive": 5.708333333333333,
  "twrDailyPct": 0.8881649416580206,
  "twrWeeklyPct": 6.385284410271974,
  "twrAnnualPct": 2421.629570360837,
  "riskAdjustedScore": 0.36699867878936215,
  "clampMinPnlEnabled": false,
  "minPnlFloor": 0.8
}