{
  "caller": "exy",
  "totalCalls": 120,
  "uniqueTokens": 118,
  "totalTrades": 69,
  "winRate": 39.130434782608695,
  "winningTrades": 27,
  "losingTrades": 42,
  "avgPnlPerTrade": 7.4631554131497415,
  "finalPortfolio": 154.0963289129495,
  "compoundFactor": 1.540963289129495,
  "maxDrawdown": 17.313570359843226,
  "maxDrawdownPct": 10.100682885467016,
  "simpleFinalPortfolio": 151.4957723507333,
  "simpleReturnPercent": 51.49577235073328,
  "maxDrawdownNoReinvestment": 10.711340393509147,
  "maxDrawdownPctNoReinvestment": 6.603496118199261,
  "initialPortfolio": 100,
  "stdDevReturnsPct": 4.851538111082665,
  "peakPortfolio": 171.40989927279273,
  "avgPerTradeMaxDrawdown": 7.920235516039977,
  "maxPerTradeMaxDrawdown": 37.98631246202744,
  "avgRiskRatio": 1032.0696054348866,
  "medianRiskRatio": 0,
  "daysActive": 47.958333333333336,
  "twrDailyPct": 0.9057090572552884,
  "twrWeeklyPct": 6.514852313327002,
  "twrAnnualPct": 2586.8570097147867,
  "twrAnnualDrawdownAdjusted": 2586.8570097147776,
  "calmarRatio": 256.1071403832297,
  "riskAdjustedScore": 0.18668493094722305,
  "clampMinPnlEnabled": true,
  "minPnlFloor": 0.8
}