{
  "caller": "RektBigHustla | @OurCryptoHood Owner",
  "totalCalls": 46,
  "uniqueTokens": 41,
  "totalTrades": 26,
  "winRate": 53.84615384615385,
  "winningTrades": 14,
  "losingTrades": 12,
  "avgPnlPerTrade": 14.31132400868427,
  "finalPortfolio": 138.2160436500509,
  "compoundFactor": 1.382160436500509,
  "simpleFinalPortfolio": 137.20944242257912,
  "simpleReturnPercent": 37.20944242257911,
  "initialPortfolio": 100,
  "maxDrawdown": 2.649207273674591,
  "maxDrawdownPct": 1.900455764940175,
  "stdDevReturnsPct": 6.598677609156878,
  "peakPortfolio": 139.39852337252302,
  "avgPerTradeMaxDrawdown": 4.722515958785894,
  "maxPerTradeMaxDrawdown": 25.420315877327145,
  "avgRiskRatio": 1501.621979313008,
  "medianRiskRatio": 0.0888503988572251,
  "daysActive": 72.875,
  "twrDailyPct": 0.44510127727794835,
  "twrWeeklyPct": 3.157623133800902,
  "twrAnnualPct": 405.8220561026117,
  "riskAdjustedScore": 0.06745310252167624,
  "clampMinPnlEnabled": false,
  "minPnlFloor": 0.8
}