{
  "caller": "Checkma1e ♟️",
  "totalCalls": 1,
  "uniqueTokens": 1,
  "totalTrades": 1,
  "winRate": 100,
  "winningTrades": 1,
  "losingTrades": 0,
  "avgPnlPerTrade": 4.174214692614542,
  "finalPortfolio": 100.41742146926146,
  "compoundFactor": 1.0041742146926145,
  "simpleFinalPortfolio": 100.41742146926146,
  "simpleReturnPercent": 0.4174214692614475,
  "initialPortfolio": 100,
  "maxDrawdown": 0,
  "maxDrawdownPct": 0,
  "stdDevReturnsPct": 0,
  "peakPortfolio": 100.41742146926146,
  "daysActive": 1,
  "twrDailyPct": 0.4174214692614475,
  "twrWeeklyPct": 2.9587964548254186,
  "twrAnnualPct": 357.4133545202233,
  "riskAdjustedScore": 0,
  "clampMinPnlEnabled": false,
  "minPnlFloor": 0.8
}