{
  "caller": "Mac (rari rizz Arc)",
  "totalCalls": 93,
  "uniqueTokens": 90,
  "totalTrades": 74,
  "winRate": 36.486486486486484,
  "winningTrades": 27,
  "losingTrades": 47,
  "avgPnlPerTrade": 3.9626797895240817,
  "finalPortfolio": 132.2063684517106,
  "compoundFactor": 1.322063684517106,
  "simpleFinalPortfolio": 129.32383044247823,
  "simpleReturnPercent": 29.323830442478215,
  "initialPortfolio": 100,
  "maxDrawdown": 5.231478352845585,
  "maxDrawdownPct": 3.8939535763304582,
  "stdDevReturnsPct": 1.8018750156482972,
  "peakPortfolio": 134.34876020724337,
  "avgPerTradeMaxDrawdown": 4.16151073038113,
  "maxPerTradeMaxDrawdown": 52.668069421535854,
  "avgRiskRatio": 140.05678387817767,
  "medianRiskRatio": 0,
  "daysActive": 101.16666666666667,
  "twrDailyPct": 0.27635537335051197,
  "twrWeeklyPct": 1.9505998699643978,
  "twrAnnualPct": 173.82139942886562,
  "riskAdjustedScore": 0.15337100018065458,
  "clampMinPnlEnabled": false,
  "minPnlFloor": 0.8
}