{
  "caller": "KungFuDOOM (DOOM arc)",
  "totalCalls": 7,
  "uniqueTokens": 7,
  "totalTrades": 5,
  "winRate": 40,
  "winningTrades": 2,
  "losingTrades": 3,
  "avgPnlPerTrade": 4.490738126385825,
  "finalPortfolio": 102.24070328785359,
  "compoundFactor": 1.022407032878536,
  "simpleFinalPortfolio": 102.24536906319291,
  "simpleReturnPercent": 2.2453690631929035,
  "initialPortfolio": 100,
  "maxDrawdown": 0.49273502635836053,
  "maxDrawdownPct": 0.4796247788877874,
  "stdDevReturnsPct": 1.2706049725945878,
  "peakPortfolio": 102.73343831421195,
  "daysActive": 29.333333333333332,
  "twrDailyPct": 0.07557291721489445,
  "twrWeeklyPct": 0.530211298127381,
  "twrAnnualPct": 31.750127571409227,
  "riskAdjustedScore": 0.05947790135007406,
  "clampMinPnlEnabled": false,
  "minPnlFloor": 0.8
}