{
  "caller": "Jewel.Sol",
  "totalCalls": 6,
  "uniqueTokens": 6,
  "totalTrades": 6,
  "winRate": 33.33333333333333,
  "winningTrades": 2,
  "losingTrades": 4,
  "avgPnlPerTrade": 2.7651921625874487,
  "finalPortfolio": 101.6596594662884,
  "compoundFactor": 1.016596594662884,
  "simpleFinalPortfolio": 101.65911529755247,
  "simpleReturnPercent": 1.6591152975524714,
  "initialPortfolio": 100,
  "maxDrawdown": 0.3776285916260349,
  "maxDrawdownPct": 0.3714635614643793,
  "stdDevReturnsPct": 0.7747142290989223,
  "peakPortfolio": 101.6596594662884,
  "daysActive": 85.29166666666667,
  "twrDailyPct": 0.019300789135701102,
  "twrWeeklyPct": 0.13518377841634788,
  "twrAnnualPct": 7.298135042733689,
  "riskAdjustedScore": 0.02491343054089769,
  "clampMinPnlEnabled": false,
  "minPnlFloor": 0.8
}