{
  "caller": "Brook 💀🧲",
  "totalCalls": 186,
  "uniqueTokens": 174,
  "totalTrades": 148,
  "winRate": 33.108108108108105,
  "winningTrades": 49,
  "losingTrades": 99,
  "avgPnlPerTrade": 0.5383108102793878,
  "finalPortfolio": 106.83010343706212,
  "compoundFactor": 1.0683010343706212,
  "maxDrawdown": 18.05404085704616,
  "maxDrawdownPct": 15.122039509153279,
  "simpleFinalPortfolio": 107.96699999213502,
  "simpleReturnPercent": 7.966999992135015,
  "maxDrawdownNoReinvestment": 15.726065750251962,
  "maxDrawdownPctNoReinvestment": 13.262384320724536,
  "initialPortfolio": 100,
  "stdDevReturnsPct": 1.8132905994284128,
  "peakPortfolio": 119.3889279691285,
  "avgPerTradeMaxDrawdown": 9.63384422761964,
  "maxPerTradeMaxDrawdown": 45.16482448412321,
  "avgRiskRatio": 174.02461083956723,
  "medianRiskRatio": 0,
  "daysActive": 61.166666666666664,
  "twrDailyPct": 0.10807400075412144,
  "twrWeeklyPct": 0.758975225942149,
  "twrAnnualPct": 48.328184607662884,
  "twrAnnualDrawdownAdjusted": 48.32818460766294,
  "calmarRatio": 3.1958774197362816,
  "riskAdjustedScore": 0.05960103735616819,
  "clampMinPnlEnabled": true,
  "minPnlFloor": 0.8
}