{
  "caller": "Salvatore 🦇 |Genius|",
  "totalCalls": 17,
  "uniqueTokens": 17,
  "totalTrades": 12,
  "winRate": 50,
  "winningTrades": 6,
  "losingTrades": 6,
  "avgPnlPerTrade": 7.461328401633054,
  "finalPortfolio": 108.8028409580716,
  "compoundFactor": 1.088028409580716,
  "simpleFinalPortfolio": 108.95359408195966,
  "simpleReturnPercent": 8.95359408195966,
  "initialPortfolio": 100,
  "maxDrawdown": 2.0508565085604715,
  "maxDrawdownPct": 1.884929189809292,
  "stdDevReturnsPct": 2.531442514500278,
  "peakPortfolio": 108.8028409580716,
  "daysActive": 75,
  "twrDailyPct": 0.11255297315733159,
  "twrWeeklyPct": 0.7905361242344311,
  "twrAnnualPct": 50.770304618692585,
  "riskAdjustedScore": 0.04446199054990203,
  "clampMinPnlEnabled": false,
  "minPnlFloor": 0.8
}