{
  "caller": "S\"atoshis'sun Sa",
  "totalCalls": 1,
  "uniqueTokens": 1,
  "totalTrades": 1,
  "winRate": 100,
  "winningTrades": 1,
  "losingTrades": 0,
  "avgPnlPerTrade": 2.5816483763647424,
  "finalPortfolio": 100.25816483763647,
  "compoundFactor": 1.0025816483763648,
  "simpleFinalPortfolio": 100.25816483763647,
  "simpleReturnPercent": 0.25816483763647646,
  "initialPortfolio": 100,
  "maxDrawdown": 0,
  "maxDrawdownPct": 0,
  "stdDevReturnsPct": 0,
  "peakPortfolio": 100.25816483763647,
  "daysActive": 1,
  "twrDailyPct": 0.25816483763647646,
  "twrWeeklyPct": 1.8212105492564357,
  "twrAnnualPct": 156.27666587650927,
  "riskAdjustedScore": 0,
  "clampMinPnlEnabled": false,
  "minPnlFloor": 0.8
}