{
  "caller": "Whale 🐳 x",
  "totalCalls": 78,
  "uniqueTokens": 76,
  "totalTrades": 64,
  "winRate": 51.5625,
  "winningTrades": 33,
  "losingTrades": 31,
  "avgPnlPerTrade": 3.6361122364437657,
  "finalPortfolio": 123.27077470486236,
  "compoundFactor": 1.2327077470486236,
  "simpleFinalPortfolio": 123.2711183132401,
  "simpleReturnPercent": 23.27111831324009,
  "initialPortfolio": 100,
  "maxDrawdown": 12.857788261815656,
  "maxDrawdownPct": 9.566523474084246,
  "stdDevReturnsPct": 2.6145740453088626,
  "peakPortfolio": 134.40397963426798,
  "avgPerTradeMaxDrawdown": 6.458450073670469,
  "maxPerTradeMaxDrawdown": 28.54947290498225,
  "avgRiskRatio": 458.28873294993537,
  "medianRiskRatio": 0.025956140236895724,
  "daysActive": 98.16666666666667,
  "twrDailyPct": 0.21334763998168693,
  "twrWeeklyPct": 1.503026156196996,
  "twrAnnualPct": 117.68728541006159,
  "riskAdjustedScore": 0.08159938723651024,
  "clampMinPnlEnabled": false,
  "minPnlFloor": 0.8
}