{
  "caller": "Kuzgun",
  "totalCalls": 3,
  "uniqueTokens": 2,
  "totalTrades": 2,
  "winRate": 0,
  "winningTrades": 0,
  "losingTrades": 2,
  "avgPnlPerTrade": -10.78724656872147,
  "finalPortfolio": 97.8442912897998,
  "compoundFactor": 0.978442912897998,
  "simpleFinalPortfolio": 97.8425506862557,
  "simpleReturnPercent": -2.1574493137442974,
  "initialPortfolio": 100,
  "maxDrawdown": 2.1557087102002015,
  "maxDrawdownPct": 2.1557087102002015,
  "stdDevReturnsPct": 1.2783595586247307,
  "peakPortfolio": 100,
  "daysActive": 1,
  "twrDailyPct": -2.1557087102001993,
  "twrWeeklyPct": -14.14839015937025,
  "twrAnnualPct": -99.96488808316677,
  "riskAdjustedScore": -1.6863085942106364,
  "clampMinPnlEnabled": false,
  "minPnlFloor": 0.8
}