{
  "caller": "Marsel Ellada",
  "totalCalls": 33,
  "uniqueTokens": 31,
  "totalTrades": 22,
  "winRate": 54.54545454545454,
  "winningTrades": 12,
  "losingTrades": 10,
  "avgPnlPerTrade": 10.31701389848326,
  "finalPortfolio": 124.18903561774151,
  "compoundFactor": 1.241890356177415,
  "simpleFinalPortfolio": 122.69743057666318,
  "simpleReturnPercent": 22.69743057666318,
  "initialPortfolio": 100,
  "maxDrawdown": 4.656273580935277,
  "maxDrawdownPct": 3.749343537272857,
  "stdDevReturnsPct": 2.3035418433805614,
  "peakPortfolio": 124.18903561774151,
  "avgPerTradeMaxDrawdown": 6.24190327956554,
  "maxPerTradeMaxDrawdown": 45.44147871256288,
  "avgRiskRatio": 610.546488867384,
  "medianRiskRatio": 1.3463688010815333,
  "daysActive": 104,
  "twrDailyPct": 0.20851969630741873,
  "twrWeeklyPct": 1.468800570657014,
  "twrAnnualPct": 113.89273700571576,
  "riskAdjustedScore": 0.09052134082418306,
  "clampMinPnlEnabled": false,
  "minPnlFloor": 0.8
}