{
  "caller": "BlockBard @Mrcrypt100xcalls",
  "totalCalls": 1,
  "uniqueTokens": 1,
  "totalTrades": 1,
  "winRate": 100,
  "winningTrades": 1,
  "losingTrades": 0,
  "avgPnlPerTrade": 27.2982782597742,
  "finalPortfolio": 102.72982782597742,
  "compoundFactor": 1.0272982782597742,
  "simpleFinalPortfolio": 102.72982782597742,
  "simpleReturnPercent": 2.7298278259774156,
  "initialPortfolio": 100,
  "maxDrawdown": 0,
  "maxDrawdownPct": 0,
  "stdDevReturnsPct": 0,
  "peakPortfolio": 102.72982782597742,
  "daysActive": 1,
  "twrDailyPct": 2.7298278259774156,
  "twrWeeklyPct": 20.74688109500389,
  "twrAnnualPct": 1858750.6104043347,
  "riskAdjustedScore": 0,
  "clampMinPnlEnabled": false,
  "minPnlFloor": 0.8
}