{
  "caller": "meme world order",
  "totalCalls": 25,
  "uniqueTokens": 24,
  "totalTrades": 15,
  "winRate": 53.333333333333336,
  "winningTrades": 8,
  "losingTrades": 7,
  "avgPnlPerTrade": 2.806427408843404,
  "finalPortfolio": 104.01290035575146,
  "compoundFactor": 1.0401290035575146,
  "simpleFinalPortfolio": 104.2096411132651,
  "simpleReturnPercent": 4.209641113265117,
  "initialPortfolio": 100,
  "maxDrawdown": 5.061238735219973,
  "maxDrawdownPct": 4.858214042201235,
  "stdDevReturnsPct": 2.4225603057851166,
  "peakPortfolio": 104.17899852199078,
  "daysActive": 75.95833333333333,
  "twrDailyPct": 0.05181121969470848,
  "twrWeeklyPct": 0.3632427494249857,
  "twrAnnualPct": 20.811582731551013,
  "riskAdjustedScore": 0.02138696798217257,
  "clampMinPnlEnabled": false,
  "minPnlFloor": 0.8
}