{
  "caller": "MITCHI | RDGN",
  "totalCalls": 3,
  "uniqueTokens": 2,
  "totalTrades": 2,
  "winRate": 50,
  "winningTrades": 1,
  "losingTrades": 1,
  "avgPnlPerTrade": 1.8580871376897845,
  "finalPortfolio": 100.35309346628011,
  "compoundFactor": 1.0035309346628012,
  "simpleFinalPortfolio": 100.37161742753796,
  "simpleReturnPercent": 0.37161742753795135,
  "initialPortfolio": 100,
  "maxDrawdown": 1.7664466480927956,
  "maxDrawdownPct": 1.7297831992921162,
  "stdDevReturnsPct": 2.7218826180720157,
  "peakPortfolio": 102.11954011437291,
  "daysActive": 10.083333333333334,
  "twrDailyPct": 0.034961966948188206,
  "twrWeeklyPct": 0.24499060948135476,
  "twrAnnualPct": 13.608583550716723,
  "riskAdjustedScore": 0.01284477395022741,
  "clampMinPnlEnabled": false,
  "minPnlFloor": 0.8
}