{
  "strategyName": "Conservative_24h",
  "strategyId": "conservative-24h",
  "totalTargets": 1676,
  "successes": 19,
  "failures": 7,
  "summary": {
    "totalPnl": -12.799977486715022,
    "avgPnl": -0.6736830256165801,
    "winRate": 0,
    "totalTrades": 19,
    "profitableTrades": 0,
    "initialPortfolio": 100,
    "finalPortfolio": 87.20002251328498,
    "totalPnlPercent": -12.799977486715022,
    "positionSizePercent": 6.666666666666667,
    "trades": [
      {
        "mint": "3ziWtmSWCgvJ8V1kcJKLz8axMBtC2jvCrnFca7aGpump",
        "chain": "solana",
        "entryPrice": 0.000006029890242702005,
        "exitPrice": 0.000006042998543850256,
        "pnl": 0.9343940107605365,
        "pnlPercent": -6.560598923946348,
        "positionSize": 6.666666666666667,
        "tradeReturn": -0.4373732615964232,
        "portfolioBefore": 100,
        "portfolioAfter": 99.56262673840358,
        "timestamp": 1757448900,
        "holdDuration": 24995
      },
      {
        "mint": "6rV7DD28jFi41hbXnn9kJY9bTQFcuyUwfEBAuR9NceUe",
        "chain": "solana",
        "entryPrice": 0.000005608897601581527,
        "exitPrice": 0.000005607880875348331,
        "pnl": 0.9321981393383206,
        "pnlPercent": -6.780186066167937,
        "positionSize": 6.637508449226905,
        "tradeReturn": -0.4500354230152021,
        "portfolioBefore": 99.56262673840358,
        "portfolioAfter": 99.11259131538837,
        "timestamp": 1757192400,
        "holdDuration": 24995
      },
      {
        "mint": "82n1yVoCpZRoZUVTjgUF7RSpx8Y1EuQykDXPBJfwpump",
        "chain": "solana",
        "entryPrice": 0.000006208809578851012,
        "exitPrice": 0.000005609121470084359,
        "pnl": 0.8423129315361145,
        "pnlPercent": -15.768706846388547,
        "positionSize": 6.607506087692558,
        "tradeReturn": -1.0419182648255165,
        "portfolioBefore": 99.11259131538837,
        "portfolioAfter": 98.07067305056286,
        "timestamp": 1757192400,
        "holdDuration": 24995
      },
      {
        "mint": "EtdLQS4WrMbBiU8V2Yc1JXNDUSwQHToajNVPxsZppump",
        "chain": "solana",
        "entryPrice": 0.000005807137858889069,
        "exitPrice": 0.0000056162488046415674,
        "pnl": 0.9017188876104503,
        "pnlPercent": -9.828111238954973,
        "positionSize": 6.538044870037524,
        "tradeReturn": -0.642566322680077,
        "portfolioBefore": 98.07067305056286,
        "portfolioAfter": 97.42810672788278,
        "timestamp": 1757193000,
        "holdDuration": 24995
      },
      {
        "mint": "4HVXQo2aL9HxAHbqj5KL7PRs1Ujm6NdPzk7nDDeqpump",
        "chain": "solana",
        "entryPrice": 0.000005659958671540102,
        "exitPrice": 0.000005653495288751935,
        "pnl": 0.9313024342476672,
        "pnlPercent": -6.869756575233277,
        "positionSize": 6.495207115192185,
        "tradeReturn": -0.4462049178709348,
        "portfolioBefore": 97.42810672788278,
        "portfolioAfter": 96.98190181001185,
        "timestamp": 1757195400,
        "holdDuration": 24995
      },
      {
        "mint": "4A4yiTTJddLrFom9VCxLj9q4GhTjCKCeHNfbr1vapump",
        "chain": "solana",
        "entryPrice": 0.000005866659413252666,
        "exitPrice": 0.000005771949186532177,
        "pnl": 0.9173151929428122,
        "pnlPercent": -8.268480705718783,
        "positionSize": 6.465460120667457,
        "tradeReturn": -0.5345953226133311,
        "portfolioBefore": 96.98190181001185,
        "portfolioAfter": 96.44730648739852,
        "timestamp": 1757151900,
        "holdDuration": 24995
      },
      {
        "mint": "7hJ3D3XfyLqb582vAEh1nvsv3cBSHZir5NXWgoaepump",
        "chain": "solana",
        "entryPrice": 0.000005712580954842051,
        "exitPrice": 0.0000057068152425603,
        "pnl": 0.9314261108884655,
        "pnlPercent": -6.85738891115345,
        "positionSize": 6.429820432493234,
        "tradeReturn": -0.44091779334486986,
        "portfolioBefore": 96.44730648739852,
        "portfolioAfter": 96.00638869405365,
        "timestamp": 1757151900,
        "holdDuration": 24995
      },
      {
        "mint": "BUYZppHmBTvXRC5feeh7JcoY53KAjQdMzrp1VKjgR2o5",
        "chain": "solana",
        "entryPrice": 0.00027237052199699725,
        "exitPrice": 0.0002446149913598793,
        "pnl": 0.6526570048309178,
        "pnlPercent": -34.734299516908216,
        "positionSize": 6.40042591293691,
        "tradeReturn": -2.2231431069573135,
        "portfolioBefore": 96.00638869405365,
        "portfolioAfter": 93.78324558709635,
        "timestamp": 1756648800,
        "holdDuration": 4450
      },
      {
        "mint": "FPK639CYJMWfpSaf33ZrjMc9gg4my1K4GQaWAjzCpump",
        "chain": "solana",
        "entryPrice": 0.000005964263448407556,
        "exitPrice": 0.000004517931061143272,
        "pnl": 0.9323671497584541,
        "pnlPercent": -6.763285024154586,
        "positionSize": 6.2522163724730895,
        "tradeReturn": -0.42285521359721356,
        "portfolioBefore": 93.78324558709635,
        "portfolioAfter": 93.36039037349913,
        "timestamp": 1757149500,
        "holdDuration": 0
      },
      {
        "mint": "8xYdG32WBgFDTxYPx1Ag1xhBrm7Cs2oh9wSjiAxFpump",
        "chain": "solana",
        "entryPrice": 0.00000623766908985707,
        "exitPrice": 0.000005678234035358412,
        "pnl": 0.8487463517129087,
        "pnlPercent": -15.125364828709131,
        "positionSize": 6.224026024899942,
        "tradeReturn": -0.9414066432999189,
        "portfolioBefore": 93.36039037349913,
        "portfolioAfter": 92.41898373019922,
        "timestamp": 1757152200,
        "holdDuration": 24995
      },
      {
        "mint": "7GHtAPaEFCYZjxDHoGwpWgTdcoYdHHaDGXHLepv1pump",
        "chain": "solana",
        "entryPrice": 0.000006047499183233004,
        "exitPrice": 0.0000056804797790579986,
        "pnl": 0.8757822994908504,
        "pnlPercent": -12.42177005091496,
        "positionSize": 6.161265582013281,
        "tradeReturn": -0.7653382428238571,
        "portfolioBefore": 92.41898373019922,
        "portfolioAfter": 91.65364548737536,
        "timestamp": 1757152500,
        "holdDuration": 24995
      },
      {
        "mint": "ErTMghBqjsh12qVq6Qpi9wk117HrmMDGXA4n768Ypump",
        "chain": "solana",
        "entryPrice": 0.000005857661351691539,
        "exitPrice": 0.0000057634340158020775,
        "pnl": 0.9173689333512836,
        "pnlPercent": -8.263106664871644,
        "positionSize": 6.110243032491691,
        "tradeReturn": -0.5048958992576762,
        "portfolioBefore": 91.65364548737536,
        "portfolioAfter": 91.14874958811768,
        "timestamp": 1757152500,
        "holdDuration": 24995
      },
      {
        "mint": "4kGBk2awHhcAsCABk7ZgTjeKAaJMptJyDCKjyqTdpump",
        "chain": "solana",
        "entryPrice": 0.000005858326141777491,
        "exitPrice": 0.000005836756591957632,
        "pnl": 0.9289343023545346,
        "pnlPercent": -7.106569764546544,
        "positionSize": 6.076583305874512,
        "tradeReturn": -0.4318366319327609,
        "portfolioBefore": 91.14874958811768,
        "portfolioAfter": 90.71691295618493,
        "timestamp": 1757152500,
        "holdDuration": 24995
      },
      {
        "mint": "3KP5n6MUCq5cwdWbQV5B9v5Dz1x62v2c4U26zmmXpump",
        "chain": "solana",
        "entryPrice": 0.000006098052860942209,
        "exitPrice": 0.00000579358460578815,
        "pnl": 0.8858152083890809,
        "pnlPercent": -11.41847916109191,
        "positionSize": 6.0477941970789955,
        "tradeReturn": -0.6905661200991909,
        "portfolioBefore": 90.71691295618493,
        "portfolioAfter": 90.02634683608574,
        "timestamp": 1757157600,
        "holdDuration": 24995
      },
      {
        "mint": "8iwkhLsrryTp4udNHMNN36mjUjb8zF9BSj2A5ew3JpXw",
        "chain": "solana",
        "entryPrice": 0.000005685905638855456,
        "exitPrice": 0.00000564986858830372,
        "pnl": 0.9264578427381238,
        "pnlPercent": -7.354215726187618,