{
  "strategyName": "Aggressive_MultiTP",
  "strategyId": "aggressive-multi-tp",
  "totalTargets": 1676,
  "successes": 19,
  "failures": 7,
  "summary": {
    "totalPnl": 17.344715249223583,
    "avgPnl": 0.9128797499591359,
    "winRate": 0.10526315789473684,
    "totalTrades": 19,
    "profitableTrades": 2,
    "initialPortfolio": 100,
    "finalPortfolio": 117.34471524922358,
    "totalPnlPercent": 17.344715249223583,
    "positionSizePercent": 5,
    "trades": [
      {
        "mint": "3ziWtmSWCgvJ8V1kcJKLz8axMBtC2jvCrnFca7aGpump",
        "chain": "solana",
        "entryPrice": 0.000006029890242702005,
        "exitPrice": 0.000006042998543850256,
        "pnl": 0.9343940107605365,
        "pnlPercent": -6.560598923946348,
        "positionSize": 5,
        "tradeReturn": -0.3280299461973174,
        "portfolioBefore": 100,
        "portfolioAfter": 99.67197005380268,
        "timestamp": 1757448900,
        "holdDuration": 24995
      },
      {
        "mint": "6rV7DD28jFi41hbXnn9kJY9bTQFcuyUwfEBAuR9NceUe",
        "chain": "solana",
        "entryPrice": 0.000005608897601581527,
        "exitPrice": 0.000005607880875348331,
        "pnl": 0.9321981393383206,
        "pnlPercent": -6.780186066167937,
        "positionSize": 4.983598502690134,
        "tradeReturn": -0.3378972512731504,
        "portfolioBefore": 99.67197005380268,
        "portfolioAfter": 99.33407280252953,
        "timestamp": 1757192400,
        "holdDuration": 24995
      },
      {
        "mint": "82n1yVoCpZRoZUVTjgUF7RSpx8Y1EuQykDXPBJfwpump",
        "chain": "solana",
        "entryPrice": 0.000006208809578851012,
        "exitPrice": 0.000005609121470084359,
        "pnl": 0.8423129315361145,
        "pnlPercent": -15.768706846388547,
        "positionSize": 4.966703640126476,
        "tradeReturn": -0.7831849369404529,
        "portfolioBefore": 99.33407280252953,
        "portfolioAfter": 98.55088786558908,
        "timestamp": 1757192400,
        "holdDuration": 24995
      },
      {
        "mint": "EtdLQS4WrMbBiU8V2Yc1JXNDUSwQHToajNVPxsZppump",
        "chain": "solana",
        "entryPrice": 0.000005807137858889069,
        "exitPrice": 0.0000056162488046415674,
        "pnl": 0.9017188876104503,
        "pnlPercent": -9.828111238954973,
        "positionSize": 4.927544393279454,
        "tradeReturn": -0.48428454432039364,
        "portfolioBefore": 98.55088786558908,
        "portfolioAfter": 98.06660332126869,
        "timestamp": 1757193000,
        "holdDuration": 24995
      },
      {
        "mint": "4HVXQo2aL9HxAHbqj5KL7PRs1Ujm6NdPzk7nDDeqpump",
        "chain": "solana",
        "entryPrice": 0.000005659958671540102,
        "exitPrice": 0.000005653495288751935,
        "pnl": 0.9313024342476672,
        "pnlPercent": -6.869756575233277,
        "positionSize": 4.903330166063434,
        "tradeReturn": -0.33684684648853946,
        "portfolioBefore": 98.06660332126869,
        "portfolioAfter": 97.72975647478015,
        "timestamp": 1757195400,
        "holdDuration": 24995
      },
      {
        "mint": "4A4yiTTJddLrFom9VCxLj9q4GhTjCKCeHNfbr1vapump",
        "chain": "solana",
        "entryPrice": 0.000005866659413252666,
        "exitPrice": 0.000005771949186532177,
        "pnl": 0.9173151929428122,
        "pnlPercent": -8.268480705718783,
        "positionSize": 4.886487823739007,
        "tradeReturn": -0.40403830289315745,
        "portfolioBefore": 97.72975647478015,
        "portfolioAfter": 97.32571817188699,
        "timestamp": 1757151900,
        "holdDuration": 24995
      },
      {
        "mint": "7hJ3D3XfyLqb582vAEh1nvsv3cBSHZir5NXWgoaepump",
        "chain": "solana",
        "entryPrice": 0.000005712580954842051,
        "exitPrice": 0.0000057068152425603,
        "pnl": 0.9314261108884655,
        "pnlPercent": -6.85738891115345,
        "positionSize": 4.8662859085943495,
        "tradeReturn": -0.33370015028097183,
        "portfolioBefore": 97.32571817188699,
        "portfolioAfter": 96.99201802160601,
        "timestamp": 1757151900,
        "holdDuration": 24995
      },
      {
        "mint": "BUYZppHmBTvXRC5feeh7JcoY53KAjQdMzrp1VKjgR2o5",
        "chain": "solana",
        "entryPrice": 0.00027237052199699725,
        "exitPrice": 0.0002446149913598793,
        "pnl": 0.8373556015173842,
        "pnlPercent": -16.26443984826158,
        "positionSize": 4.849600901080301,
        "tradeReturn": -0.7887604214369571,
        "portfolioBefore": 96.99201802160601,
        "portfolioAfter": 96.20325760016905,
        "timestamp": 1756648800,
        "holdDuration": 24995
      },
      {
        "mint": "FPK639CYJMWfpSaf33ZrjMc9gg4my1K4GQaWAjzCpump",
        "chain": "solana",
        "entryPrice": 0.000005964263448407556,
        "exitPrice": 0.000004517931061143272,
        "pnl": 6.433333333333334,
        "pnlPercent": 543.3333333333334,
        "positionSize": 4.810162880008452,
        "tradeReturn": 26.13521831471259,
        "portfolioBefore": 96.20325760016905,
        "portfolioAfter": 122.33847591488164,
        "timestamp": 1757149500,
        "holdDuration": 30
      },
      {
        "mint": "8xYdG32WBgFDTxYPx1Ag1xhBrm7Cs2oh9wSjiAxFpump",
        "chain": "solana",
        "entryPrice": 0.00000623766908985707,
        "exitPrice": 0.000005678234035358412,
        "pnl": 0.8487463517129087,
        "pnlPercent": -15.125364828709131,
        "positionSize": 6.116923795744081,
        "tradeReturn": -0.9252070404004148,
        "portfolioBefore": 122.33847591488164,
        "portfolioAfter": 121.41326887448123,
        "timestamp": 1757152200,
        "holdDuration": 24995
      },
      {
        "mint": "7GHtAPaEFCYZjxDHoGwpWgTdcoYdHHaDGXHLepv1pump",
        "chain": "solana",
        "entryPrice": 0.000006047499183233004,
        "exitPrice": 0.0000056804797790579986,
        "pnl": 0.8757822994908504,
        "pnlPercent": -12.42177005091496,
        "positionSize": 6.070663443724061,
        "tradeReturn": -0.7540838535443581,
        "portfolioBefore": 121.41326887448123,
        "portfolioAfter": 120.65918502093687,
        "timestamp": 1757152500,
        "holdDuration": 24995
      },
      {
        "mint": "ErTMghBqjsh12qVq6Qpi9wk117HrmMDGXA4n768Ypump",
        "chain": "solana",
        "entryPrice": 0.000005857661351691539,
        "exitPrice": 0.0000057634340158020775,
        "pnl": 0.9173689333512836,
        "pnlPercent": -8.263106664871644,
        "positionSize": 6.032959251046843,
        "tradeReturn": -0.4985098579622421,
        "portfolioBefore": 120.65918502093687,
        "portfolioAfter": 120.16067516297463,
        "timestamp": 1757152500,
        "holdDuration": 24995
      },
      {
        "mint": "4kGBk2awHhcAsCABk7ZgTjeKAaJMptJyDCKjyqTdpump",
        "chain": "solana",
        "entryPrice": 0.000005858326141777491,
        "exitPrice": 0.000005836756591957632,
        "pnl": 0.9289343023545346,
        "pnlPercent": -7.106569764546544,
        "positionSize": 6.008033758148731,
        "tradeReturn": -0.42696511050034713,
        "portfolioBefore": 120.16067516297463,
        "portfolioAfter": 119.73371005247428,
        "timestamp": 1757152500,
        "holdDuration": 24995
      },
      {
        "mint": "3KP5n6MUCq5cwdWbQV5B9v5Dz1x62v2c4U26zmmXpump",
        "chain": "solana",
        "entryPrice": 0.000006098052860942209,
        "exitPrice": 0.00000579358460578815,
        "pnl": 0.8858152083890809,
        "pnlPercent": -11.41847916109191,
        "positionSize": 5.986685502623714,
        "tradeReturn": -0.6835884365571993,
        "portfolioBefore": 119.73371005247428,
        "portfolioAfter": 119.05012161591708,
        "timestamp": 1757157600,
        "holdDuration": 24995
      },
      {
        "mint": "8iwkhLsrryTp4udNHMNN36mjUjb8zF9BSj2A5ew3JpXw",
        "chain": "solana",
        "entryPrice": 0.000005685905638855456,
        "exitPrice": 0.00000564986858830372,
        "pnl": 0.9264578427381238,
        "pnlPercent": -7.354215726187618,