{
  "strategyName": "Basic_6h_20pctSL",
  "strategyId": "basic-6h-20pct-sl",
  "totalTargets": 1676,
  "successes": 19,
  "failures": 7,
  "summary": {
    "totalPnl": -19.337202702738736,
    "avgPnl": -1.0177475106704599,
    "winRate": 0,
    "totalTrades": 19,
    "profitableTrades": 0,
    "initialPortfolio": 100,
    "finalPortfolio": 80.66279729726126,
    "totalPnlPercent": -19.337202702738736,
    "positionSizePercent": 10,
    "trades": [
      {
        "mint": "3ziWtmSWCgvJ8V1kcJKLz8axMBtC2jvCrnFca7aGpump",
        "chain": "solana",
        "entryPrice": 0.000006029890242702005,
        "exitPrice": 0.000006042998543850256,
        "pnl": 0.9343940107605365,
        "pnlPercent": -6.560598923946348,
        "positionSize": 10,
        "tradeReturn": -0.6560598923946348,
        "portfolioBefore": 100,
        "portfolioAfter": 99.34394010760536,
        "timestamp": 1757448900,
        "holdDuration": 24995
      },
      {
        "mint": "6rV7DD28jFi41hbXnn9kJY9bTQFcuyUwfEBAuR9NceUe",
        "chain": "solana",
        "entryPrice": 0.000005608897601581527,
        "exitPrice": 0.000005607880875348331,
        "pnl": 0.9321981393383206,
        "pnlPercent": -6.780186066167937,
        "positionSize": 9.934394010760535,
        "tradeReturn": -0.6735703984758078,
        "portfolioBefore": 99.34394010760536,
        "portfolioAfter": 98.67036970912956,
        "timestamp": 1757192400,
        "holdDuration": 24995
      },
      {
        "mint": "82n1yVoCpZRoZUVTjgUF7RSpx8Y1EuQykDXPBJfwpump",
        "chain": "solana",
        "entryPrice": 0.000006208809578851012,
        "exitPrice": 0.000005609121470084359,
        "pnl": 0.8423129315361145,
        "pnlPercent": -15.768706846388547,
        "positionSize": 9.867036970912956,
        "tradeReturn": -1.5559041343680404,
        "portfolioBefore": 98.67036970912956,
        "portfolioAfter": 97.11446557476152,
        "timestamp": 1757192400,
        "holdDuration": 24995
      },
      {
        "mint": "EtdLQS4WrMbBiU8V2Yc1JXNDUSwQHToajNVPxsZppump",
        "chain": "solana",
        "entryPrice": 0.000005807137858889069,
        "exitPrice": 0.0000056162488046415674,
        "pnl": 0.9017188876104503,
        "pnlPercent": -9.828111238954973,
        "positionSize": 9.711446557476151,
        "tradeReturn": -0.9544517705804194,
        "portfolioBefore": 97.11446557476152,
        "portfolioAfter": 96.1600138041811,
        "timestamp": 1757193000,
        "holdDuration": 24995
      },
      {
        "mint": "4HVXQo2aL9HxAHbqj5KL7PRs1Ujm6NdPzk7nDDeqpump",
        "chain": "solana",
        "entryPrice": 0.000005659958671540102,
        "exitPrice": 0.000005653495288751935,
        "pnl": 0.9313024342476672,
        "pnlPercent": -6.869756575233277,
        "positionSize": 9.61600138041811,
        "tradeReturn": -0.6605958871057958,
        "portfolioBefore": 96.1600138041811,
        "portfolioAfter": 95.4994179170753,
        "timestamp": 1757195400,
        "holdDuration": 24995
      },
      {
        "mint": "4A4yiTTJddLrFom9VCxLj9q4GhTjCKCeHNfbr1vapump",
        "chain": "solana",
        "entryPrice": 0.000005866659413252666,
        "exitPrice": 0.000005771949186532177,
        "pnl": 0.9173151929428122,
        "pnlPercent": -8.268480705718783,
        "positionSize": 9.54994179170753,
        "tradeReturn": -0.7896350944547118,
        "portfolioBefore": 95.4994179170753,
        "portfolioAfter": 94.7097828226206,
        "timestamp": 1757151900,
        "holdDuration": 24995
      },
      {
        "mint": "7hJ3D3XfyLqb582vAEh1nvsv3cBSHZir5NXWgoaepump",
        "chain": "solana",
        "entryPrice": 0.000005712580954842051,
        "exitPrice": 0.0000057068152425603,
        "pnl": 0.9314261108884655,
        "pnlPercent": -6.85738891115345,
        "positionSize": 9.47097828226206,
        "tradeReturn": -0.64946181450559,
        "portfolioBefore": 94.7097828226206,
        "portfolioAfter": 94.06032100811501,
        "timestamp": 1757151900,
        "holdDuration": 24995
      },
      {
        "mint": "BUYZppHmBTvXRC5feeh7JcoY53KAjQdMzrp1VKjgR2o5",
        "chain": "solana",
        "entryPrice": 0.00027237052199699725,
        "exitPrice": 0.0002446149913598793,
        "pnl": 0.7458937198067633,
        "pnlPercent": -25.410628019323667,
        "positionSize": 9.406032100811501,
        "tradeReturn": -2.390131828515386,
        "portfolioBefore": 94.06032100811501,
        "portfolioAfter": 91.67018917959963,
        "timestamp": 1756648800,
        "holdDuration": 4280
      },
      {
        "mint": "FPK639CYJMWfpSaf33ZrjMc9gg4my1K4GQaWAjzCpump",
        "chain": "solana",
        "entryPrice": 0.000005964263448407556,
        "exitPrice": 0.000004517931061143272,
        "pnl": 0.7458937198067633,
        "pnlPercent": -25.410628019323667,
        "positionSize": 9.167018917959963,
        "tradeReturn": -2.3293970777038355,
        "portfolioBefore": 91.67018917959963,
        "portfolioAfter": 89.3407921018958,
        "timestamp": 1757149500,
        "holdDuration": 2335
      },
      {
        "mint": "8xYdG32WBgFDTxYPx1Ag1xhBrm7Cs2oh9wSjiAxFpump",
        "chain": "solana",
        "entryPrice": 0.00000623766908985707,
        "exitPrice": 0.000005678234035358412,
        "pnl": 0.8487463517129087,
        "pnlPercent": -15.125364828709131,
        "positionSize": 8.93407921018958,
        "tradeReturn": -1.3513120746270293,
        "portfolioBefore": 89.3407921018958,
        "portfolioAfter": 87.98948002726877,
        "timestamp": 1757152200,
        "holdDuration": 24995
      },
      {
        "mint": "7GHtAPaEFCYZjxDHoGwpWgTdcoYdHHaDGXHLepv1pump",
        "chain": "solana",
        "entryPrice": 0.000006047499183233004,
        "exitPrice": 0.0000056804797790579986,
        "pnl": 0.8757822994908504,
        "pnlPercent": -12.42177005091496,
        "positionSize": 8.798948002726876,
        "tradeReturn": -1.0929850877983072,
        "portfolioBefore": 87.98948002726877,
        "portfolioAfter": 86.89649493947046,
        "timestamp": 1757152500,
        "holdDuration": 24995
      },
      {
        "mint": "ErTMghBqjsh12qVq6Qpi9wk117HrmMDGXA4n768Ypump",
        "chain": "solana",
        "entryPrice": 0.000005857661351691539,
        "exitPrice": 0.0000057634340158020775,
        "pnl": 0.9173689333512836,
        "pnlPercent": -8.263106664871644,
        "positionSize": 8.689649493947044,
        "tradeReturn": -0.7180350064883233,
        "portfolioBefore": 86.89649493947046,
        "portfolioAfter": 86.17845993298214,
        "timestamp": 1757152500,
        "holdDuration": 24995
      },
      {
        "mint": "4kGBk2awHhcAsCABk7ZgTjeKAaJMptJyDCKjyqTdpump",
        "chain": "solana",
        "entryPrice": 0.000005858326141777491,
        "exitPrice": 0.000005836756591957632,
        "pnl": 0.9289343023545346,
        "pnlPercent": -7.106569764546544,
        "positionSize": 8.617845993298213,
        "tradeReturn": -0.6124332377149165,
        "portfolioBefore": 86.17845993298214,
        "portfolioAfter": 85.56602669526723,
        "timestamp": 1757152500,
        "holdDuration": 24995
      },
      {
        "mint": "3KP5n6MUCq5cwdWbQV5B9v5Dz1x62v2c4U26zmmXpump",
        "chain": "solana",
        "entryPrice": 0.000006098052860942209,
        "exitPrice": 0.00000579358460578815,
        "pnl": 0.8858152083890809,
        "pnlPercent": -11.41847916109191,
        "positionSize": 8.556602669526722,
        "tradeReturn": -0.9770338927173429,
        "portfolioBefore": 85.56602669526723,
        "portfolioAfter": 84.58899280254988,
        "timestamp": 1757157600,
        "holdDuration": 24995
      },
      {
        "mint": "8iwkhLsrryTp4udNHMNN36mjUjb8zF9BSj2A5ew3JpXw",
        "chain": "solana",
        "entryPrice": 0.000005685905638855456,
        "exitPrice": 0.00000564986858830372,
        "pnl": 0.9264578427381238,
        "pnlPercent": -7.354215726187618,
        "positionSize": 8.458899280254988,