{
  "strategyName": "BuyTheDip_30pct",
  "strategyId": "buy-the-dip-30pct",
  "totalTargets": 1676,
  "successes": 19,
  "failures": 7,
  "summary": {
    "totalPnl": 1.962222878819773,
    "avgPnl": 0.10327488835893543,
    "winRate": 1,
    "totalTrades": 1,
    "profitableTrades": 1,
    "initialPortfolio": 100,
    "finalPortfolio": 101.96222287881977,
    "totalPnlPercent": 1.962222878819773,
    "positionSizePercent": 10,
    "trades": [
      {
        "mint": "BUYZppHmBTvXRC5feeh7JcoY53KAjQdMzrp1VKjgR2o5",
        "chain": "solana",
        "entryPrice": 0.00019065936539789806,
        "exitPrice": 0.0002446149913598793,
        "pnl": 1.1962222878819777,
        "pnlPercent": 19.62222878819777,
        "positionSize": 10,
        "tradeReturn": 1.962222878819777,
        "portfolioBefore": 100,
        "portfolioAfter": 101.96222287881977,
        "timestamp": 1756915800,
        "holdDuration": 20545
      }
    ]
  },
  "tradeHistory": [
    {
      "mint": "BUYZppHmBTvXRC5feeh7JcoY53KAjQdMzrp1VKjgR2o5",
      "chain": "solana",
      "entryPrice": 0.00019065936539789806,
      "exitPrice": 0.0002446149913598793,
      "pnl": 1.1962222878819777,
      "pnlPercent": 19.62222878819777,
      "positionSize": 10,
      "tradeReturn": 1.962222878819777,
      "portfolioBefore": 100,
      "portfolioAfter": 101.96222287881977,
      "timestamp": 1756915800,
      "holdDuration": 20545
    }
  ],
  "note": "Full simulation results cleared from memory to prevent OOM. Trade history available in summary.trades."
}