{
  "caller": "God Everything",
  "totalCalls": 7,
  "uniqueTokens": 7,
  "totalTrades": 1,
  "winRate": 0,
  "winningTrades": 0,
  "losingTrades": 1,
  "avgPnlPerTrade": -3.3090871603736582,
  "finalPortfolio": 99.66909128396263,
  "compoundFactor": 0.9966909128396263,
  "simpleFinalPortfolio": 99.66909128396263,
  "simpleReturnPercent": -0.33090871603737027,
  "initialPortfolio": 100,
  "maxDrawdown": 0.3309087160373707,
  "maxDrawdownPct": 0.3309087160373707,
  "stdDevReturnsPct": 0,
  "peakPortfolio": 100,
  "daysActive": 1,
  "twrDailyPct": -0.33090871603737027,
  "twrWeeklyPct": -2.293492293412569,
  "twrAnnualPct": -70.17489264806225,
  "riskAdjustedScore": 0,
  "clampMinPnlEnabled": false,
  "minPnlFloor": 0.8
}