{
  "caller": "Brook Giga I verify @BrookCalls",
  "totalCalls": 394,
  "strategies": {
    "Basic_6h_10pctSL_10pctClamp": {
      "totalTrades": 235,
      "winRate": 5.106382978723404,
      "winningTrades": 12,
      "losingTrades": 223,
      "avgPnlPerTrade": -8.324692051454816,
      "totalReturn": -391.26052641837737,
      "finalPortfolio": -291.26052641837737,
      "maxDrawdown": 391.26052641837737,
      "maxDrawdownPct": 391.26052641837737,
      "description": "Hold 6h, 10% SL, 10% loss clamp"
    },
    "Basic_6h_20pctSL_20pctClamp": {
      "totalTrades": 235,
      "winRate": 8.085106382978724,
      "winningTrades": 19,
      "losingTrades": 216,
      "avgPnlPerTrade": -14.54709515614882,
      "totalReturn": -341.85673616949555,
      "finalPortfolio": -241.85673616949552,
      "maxDrawdown": 341.85673616949555,
      "maxDrawdownPct": 341.85673616949555,
      "description": "Hold 6h, 20% SL, 20% loss clamp"
    },
    "Basic_6h_20pctSL_30pctClamp": {
      "totalTrades": 235,
      "winRate": 8.085106382978724,
      "winningTrades": 19,
      "losingTrades": 216,
      "avgPnlPerTrade": -14.54709515614882,
      "totalReturn": -227.90449077966431,
      "finalPortfolio": -127.90449077966431,
      "maxDrawdown": 227.90449077966431,
      "maxDrawdownPct": 227.90449077966431,
      "description": "Hold 6h, 20% SL, 30% loss clamp"
    },
    "TP_6h_20pctSL_50pctTP": {
      "totalTrades": 235,
      "winRate": 25.106382978723403,
      "winningTrades": 59,
      "losingTrades": 176,
      "avgPnlPerTrade": -3.6326603789104785,
      "totalReturn": -85.36751890439601,
      "finalPortfolio": 14.632481095603985,
      "maxDrawdown": 92.81729014347034,
      "maxDrawdownPct": 92.81729014347034,
      "description": "Hold 6h, 20% SL, 50% TP"
    },
    "TP_6h_20pctSL_100pctTP": {
      "totalTrades": 235,
      "winRate": 15.319148936170212,
      "winningTrades": 36,
      "losingTrades": 199,
      "avgPnlPerTrade": -5.36237433029718,
      "totalReturn": -126.01579676198307,
      "finalPortfolio": -26.015796761983076,
      "maxDrawdown": 138.35841900648768,
      "maxDrawdownPct": 123.15754808122763,
      "description": "Hold 6h, 20% SL, 100% TP"
    },
    "TP_24h_20pctSL_200pctTP": {
      "totalTrades": 235,
      "winRate": 10.212765957446807,
      "winningTrades": 24,
      "losingTrades": 211,
      "avgPnlPerTrade": -5.587998641721463,
      "totalReturn": -131.31796808045385,
      "finalPortfolio": -31.317968080453852,
      "maxDrawdown": 158.21601487828073,
      "maxDrawdownPct": 124.67962972696454,
      "description": "Hold 24h, 20% SL, 200% TP"
    },
    "Trailing_6h_20pctSL_25pctTrail_50pctActivate": {
      "totalTrades": 235,
      "winRate": 29.78723404255319,
      "winningTrades": 70,
      "losingTrades": 165,
      "avgPnlPerTrade": 5.3784000926407565,
      "totalReturn": 126.39240217705847,
      "finalPortfolio": 226.39240217705847,
      "maxDrawdown": 75.95639665314945,
      "maxDrawdownPct": 30.915345352121072,
      "description": "Hold 6h, 20% SL, 25% trailing stop (activates at 50% gain)"
    },
    "Trailing_24h_20pctSL_30pctTrail_100pctActivate": {
      "totalTrades": 235,
      "winRate": 15.319148936170212,
      "winningTrades": 36,
      "losingTrades": 199,
      "avgPnlPerTrade": -0.7843705061631975,
      "totalReturn": -18.43270689483447,
      "finalPortfolio": 81.56729310516553,
      "maxDrawdown": 132.59889823350807,
      "maxDrawdownPct": 93.94790149064703,
      "description": "Hold 24h, 20% SL, 30% trailing stop (activates at 100% gain)"
    },
    "Dip_10pctDrop_ReboundToAlert_6h": {
      "totalTrades": 193,
      "winRate": 5.699481865284974,
      "winningTrades": 11,
      "losingTrades": 182,
      "avgPnlPerTrade": -15.29900872020639,
      "totalReturn": -295.2708682999819,
      "finalPortfolio": -195.27086829998188,
      "maxDrawdown": 308.4470769599063,
      "maxDrawdownPct": 308.4470769599063,
      "description": "Buy dip: Wait for 10% drop, re-enter when price rebounds to alert level, hold 6h"
    },
    "Dip_20pctDrop_ReboundToAlert_6h": {
      "totalTrades": 160,
      "winRate": 3.125,
      "winningTrades": 5,
      "losingTrades": 155,
      "avgPnlPerTrade": -17.2419696494719,
      "totalReturn": -275.8715143915494,
      "finalPortfolio": -175.87151439154937,
      "maxDrawdown": 289.0477230514738,
      "maxDrawdownPct": 289.0477230514738,
      "description": "Buy dip: Wait for 20% drop, re-enter when price rebounds to alert level, hold 6h"
    },
    "Dip_40pctDrop_ReboundToMinus30pct_24h": {
      "totalTrades": 169,
      "winRate": 1.7751479289940828,
      "winningTrades": 3,
      "losingTrades": 166,
      "avgPnlPerTrade": -19.674389588502994,
      "totalReturn": -332.4971840456992,
      "finalPortfolio": -232.4971840456992,
      "maxDrawdown": 332.4971840456992,
      "maxDrawdownPct": 332.4971840456992,
      "description": "Buy dip: Wait for 40% drop, re-enter when price rebounds to -30% of alert, hold 24h"
    },
    "Dip_30pctDrop_ReboundToMinus10pct_6h": {
      "totalTrades": 145,
      "winRate": 2.0689655172413794,
      "winningTrades": 3,
      "losingTrades": 142,
      "avgPnlPerTrade": -19.841637266725552,
      "totalReturn": -287.70374036751934,
      "finalPortfolio": -187.70374036751932,
      "maxDrawdown": 287.70374036751934,
      "maxDrawdownPct": 287.70374036751934,
      "description": "Buy dip: Wait for 30% drop, re-enter when price rebounds to -10% of alert, hold 6h"
    },
    "MultiTrade_20pctTrail_50pctDropRebound_24h": {
      "totalTrades": 352,
      "winRate": 39.77272727272727,
      "winningTrades": 140,
      "losingTrades": 212,
      "avgPnlPerTrade": 13.82273655261336,
      "totalReturn": 486.5603266519907,
      "finalPortfolio": 586.5603266519906,
      "maxDrawdown": 31.288874771330455,
      "maxDrawdownPct": 5.233166273748114,
      "description": "Multi-trade: 20% trailing stop, re-enter after 50% drop from peak + 20% rebound"
    },
    "MultiTrade_20pctTrail_RSI_MACD_24h": {
      "totalTrades": 332,
      "winRate": 32.22891566265061,
      "winningTrades": 107,
      "losingTrades": 225,
      "avgPnlPerTrade": 4.5663934150426915,
      "totalReturn": 151.60426137941747,
      "finalPortfolio": 251.60426137941747,
      "maxDrawdown": 41.82524013812153,
      "maxDrawdownPct": 14.988420135984018,
      "description": "Multi-trade: 20% trailing stop, re-enter using RSI/MACD signals"
    },
    "MultiTrade_20pctTrail_MA_24h": {
      "totalTrades": 318,
      "winRate": 28.930817610062892,
      "winningTrades": 92,
      "losingTrades": 226,
      "avgPnlPerTrade": 4.077167031542914,
      "totalReturn": 129.653911603065,
      "finalPortfolio": 229.653911603065,
      "maxDrawdown": 49.83383646256115,
      "maxDrawdownPct": 18.649393070649108,
      "description": "Multi-trade: 20% trailing stop, re-enter using MA crossovers"
    },
    "Ichimoku_5m_TenkanKijunCross_20pctTrail_24h": {
      "totalTrades": 204,
      "winRate": 26.96078431372549,
      "winningTrades": 55,
      "losingTrades": 149,
      "avgPnlPerTrade": -0.08338334071571338,
      "totalReturn": -1.7010201506004408,
      "finalPortfolio": 98.29897984939956,
      "maxDrawdown": 73.9138735205745,
      "maxDrawdownPct": 42.920067854506414,
      "description": "Delayed entry: Ichimoku Tenkan-Kijun cross on 5m, 20% trailing stop, 20% loss cap"
    },
    "Ichimoku_5m_CloudCross_20pctTrail_24h": {
      "totalTrades": 204,
      "winRate": 27.941176470588236,
      "winningTrades": 57,
      "losingTrades": 147,
      "avgPnlPerTrade": -0.6004108862466091,
      "totalReturn": -12.248382079430609,
      "finalPortfolio": 87.75161792056939,
      "maxDrawdown": 57.78892682296164,
      "maxDrawdownPct": 40.0746239378352,
      "description": "Delayed entry: Ichimoku cloud cross on 5m, 20% trailing stop, 20% loss cap"
    },
    "PriceBreakout_5pct_20pctTrail_24h": {
      "totalTrades": 122,