{
  "caller": "Italian Hunter🐊 ~ 法雷利 ~ 🔥",
  "totalCalls": 4,
  "uniqueTokens": 4,
  "totalTrades": 4,
  "winRate": 75,
  "winningTrades": 3,
  "losingTrades": 1,
  "avgPnlPerTrade": 0.4440168418652135,
  "finalPortfolio": 100.1773581219084,
  "compoundFactor": 1.001773581219084,
  "simpleFinalPortfolio": 100.17760673674609,
  "simpleReturnPercent": 0.17760673674609428,
  "initialPortfolio": 100,
  "maxDrawdown": 0.2953560702194409,
  "maxDrawdownPct": 0.29396644909447706,
  "stdDevReturnsPct": 0.24413297980604026,
  "peakPortfolio": 100.47271419212784,
  "daysActive": 18.041666666666668,
  "twrDailyPct": 0.00982224834344958,
  "twrWeeklyPct": 0.06877600179926446,
  "twrAnnualPct": 3.649978542163068,
  "riskAdjustedScore": 0.0402331891055981,
  "clampMinPnlEnabled": false,
  "minPnlFloor": 0.8
}