{
  "caller": "Simple | MAXI",
  "totalCalls": 4,
  "uniqueTokens": 4,
  "totalTrades": 2,
  "winRate": 50,
  "winningTrades": 1,
  "losingTrades": 1,
  "avgPnlPerTrade": 0.8604741594734122,
  "finalPortfolio": 100.17209483189468,
  "compoundFactor": 1.0017209483189469,
  "simpleFinalPortfolio": 100.17209483189468,
  "simpleReturnPercent": 0.17209483189468688,
  "initialPortfolio": 100,
  "maxDrawdown": 0,
  "maxDrawdownPct": 0,
  "stdDevReturnsPct": 0.12168942263989205,
  "peakPortfolio": 100.17209483189468,
  "daysActive": 6.875,
  "twrDailyPct": 0.02501358873696624,
  "twrWeeklyPct": 0.1752265686696619,
  "twrAnnualPct": 9.55846877097728,
  "riskAdjustedScore": 0.20555269467410822,
  "clampMinPnlEnabled": false,
  "minPnlFloor": 0.8
}