{
  "caller": "AnnaGems️ (multi-chain)",
  "totalCalls": 15,
  "uniqueTokens": 15,
  "totalTrades": 3,
  "winRate": 100,
  "winningTrades": 3,
  "losingTrades": 0,
  "avgPnlPerTrade": 12.104749333303388,
  "finalPortfolio": 103.63230809884212,
  "compoundFactor": 1.0363230809884212,
  "simpleFinalPortfolio": 103.63142479999101,
  "simpleReturnPercent": 3.631424799991012,
  "initialPortfolio": 100,
  "maxDrawdown": 0,
  "maxDrawdownPct": 0,
  "stdDevReturnsPct": 2.047704077828754,
  "peakPortfolio": 103.63230809884212,
  "daysActive": 58.458333333333336,
  "twrDailyPct": 0.061051757083419034,
  "twrWeeklyPct": 0.42814583310681886,
  "twrAnnualPct": 24.953429449665165,
  "riskAdjustedScore": 0.029814736291463636,
  "clampMinPnlEnabled": false,
  "minPnlFloor": 0.8
}