{
  "caller": "soru",
  "totalCalls": 8,
  "uniqueTokens": 5,
  "totalTrades": 3,
  "winRate": 33.33333333333333,
  "winningTrades": 1,
  "losingTrades": 2,
  "avgPnlPerTrade": 1.3042766022737906,
  "finalPortfolio": 100.387929978715,
  "compoundFactor": 1.00387929978715,
  "simpleFinalPortfolio": 100.39128298068213,
  "simpleReturnPercent": 0.3912829806821394,
  "initialPortfolio": 100,
  "maxDrawdown": 0.6077700373714379,
  "maxDrawdownPct": 0.6017781324102247,
  "stdDevReturnsPct": 0.7528342001910474,
  "peakPortfolio": 100.99570001608643,
  "daysActive": 3.4166666666666665,
  "twrDailyPct": 0.11338505299836044,
  "twrWeeklyPct": 0.7964002744698551,
  "twrAnnualPct": 51.22838559283554,
  "riskAdjustedScore": 0.15061092199263346,
  "clampMinPnlEnabled": false,
  "minPnlFloor": 0.8
}