{
  "caller": "JK -Whale",
  "totalCalls": 84,
  "uniqueTokens": 83,
  "totalTrades": 70,
  "winRate": 44.285714285714285,
  "winningTrades": 31,
  "losingTrades": 39,
  "avgPnlPerTrade": 2.816022696900434,
  "finalPortfolio": 118.31990575786624,
  "compoundFactor": 1.1831990575786624,
  "simpleFinalPortfolio": 119.71215887830303,
  "simpleReturnPercent": 19.712158878303022,
  "initialPortfolio": 100,
  "maxDrawdown": 19.08629646171201,
  "maxDrawdownPct": 14.467240408733437,
  "stdDevReturnsPct": 2.04058942745037,
  "peakPortfolio": 131.92769265236092,
  "avgPerTradeMaxDrawdown": 6.291144447791243,
  "maxPerTradeMaxDrawdown": 32.144781317019,
  "avgRiskRatio": 529.2298723389276,
  "medianRiskRatio": 0,
  "daysActive": 103.41666666666667,
  "twrDailyPct": 0.16279651419686125,
  "twrWeeklyPct": 1.145156292961036,
  "twrAnnualPct": 81.071922231894,
  "riskAdjustedScore": 0.0797791618475004,
  "clampMinPnlEnabled": false,
  "minPnlFloor": 0.8
}