{
  "caller": "Cobalt",
  "totalCalls": 12,
  "uniqueTokens": 10,
  "totalTrades": 6,
  "winRate": 33.33333333333333,
  "winningTrades": 2,
  "losingTrades": 4,
  "avgPnlPerTrade": 0.9244332235471701,
  "finalPortfolio": 100.50378084996139,
  "compoundFactor": 1.0050378084996139,
  "simpleFinalPortfolio": 100.5546599341283,
  "simpleReturnPercent": 0.5546599341282876,
  "initialPortfolio": 100,
  "maxDrawdown": 3.446058464588603,
  "maxDrawdownPct": 3.4287849028616186,
  "stdDevReturnsPct": 1.724965562870338,
  "peakPortfolio": 100.50378084996139,
  "daysActive": 87.41666666666667,
  "twrDailyPct": 0.005748681380257636,
  "twrWeeklyPct": 0.04024771026762686,
  "twrAnnualPct": 2.120375553315279,
  "riskAdjustedScore": 0.00333263544733719,
  "clampMinPnlEnabled": false,
  "minPnlFloor": 0.8
}