{
  "caller": "Zephyr",
  "totalCalls": 6,
  "uniqueTokens": 6,
  "totalTrades": 3,
  "winRate": 66.66666666666666,
  "winningTrades": 2,
  "losingTrades": 1,
  "avgPnlPerTrade": 2.6511792734554023,
  "finalPortfolio": 100.79505410578462,
  "compoundFactor": 1.0079505410578462,
  "simpleFinalPortfolio": 100.79535378203661,
  "simpleReturnPercent": 0.7953537820366119,
  "initialPortfolio": 100,
  "maxDrawdown": 0.19884446436230974,
  "maxDrawdownPct": 0.19688760130811184,
  "stdDevReturnsPct": 0.5685548977355982,
  "peakPortfolio": 100.99389857014692,
  "daysActive": 80,
  "twrDailyPct": 0.00989936749820064,
  "twrWeeklyPct": 0.06931615535321622,
  "twrAnnualPct": 3.6791556767108213,
  "riskAdjustedScore": 0.017411454087595,
  "clampMinPnlEnabled": false,
  "minPnlFloor": 0.8
}