{
  "caller": "Rayin 雷音",
  "totalCalls": 40,
  "uniqueTokens": 39,
  "totalTrades": 23,
  "winRate": 34.78260869565217,
  "winningTrades": 8,
  "losingTrades": 15,
  "avgPnlPerTrade": 2.774518805704431,
  "finalPortfolio": 106.23728576307046,
  "compoundFactor": 1.0623728576307045,
  "simpleFinalPortfolio": 106.3813932531202,
  "simpleReturnPercent": 6.381393253120193,
  "initialPortfolio": 100,
  "maxDrawdown": 2.4655217249915893,
  "maxDrawdownPct": 2.268130678466936,
  "stdDevReturnsPct": 1.7490708835009423,
  "peakPortfolio": 108.70280748806205,
  "avgPerTradeMaxDrawdown": 3.345306878913159,
  "maxPerTradeMaxDrawdown": 23.487286974384,
  "avgRiskRatio": 456.40655894689394,
  "medianRiskRatio": 0,
  "daysActive": 89.04166666666667,
  "twrDailyPct": 0.0679743710071179,
  "twrWeeklyPct": 0.47679200523931264,
  "twrAnnualPct": 28.148833987205247,
  "riskAdjustedScore": 0.038863131076231926,
  "clampMinPnlEnabled": false,
  "minPnlFloor": 0.8
}