{
  "caller": "Mr Scarface",
  "totalCalls": 22,
  "uniqueTokens": 21,
  "totalTrades": 19,
  "winRate": 52.63157894736842,
  "winningTrades": 10,
  "losingTrades": 9,
  "avgPnlPerTrade": 10.065983731971498,
  "finalPortfolio": 120.11055031421904,
  "compoundFactor": 1.2011055031421904,
  "simpleFinalPortfolio": 119.12536909074585,
  "simpleReturnPercent": 19.12536909074585,
  "initialPortfolio": 100,
  "maxDrawdown": 3.448751974337995,
  "maxDrawdownPct": 2.8713147723624424,
  "stdDevReturnsPct": 3.2457591390588587,
  "peakPortfolio": 120.11055031421904,
  "daysActive": 88.29166666666667,
  "twrDailyPct": 0.20775762471796355,
  "twrWeeklyPct": 1.4633991029622928,
  "twrAnnualPct": 113.29984026391821,
  "riskAdjustedScore": 0.06400894700344432,
  "clampMinPnlEnabled": false,
  "minPnlFloor": 0.8
}