{
  "caller": "Xebek",
  "totalCalls": 34,
  "uniqueTokens": 26,
  "totalTrades": 2,
  "winRate": 0,
  "winningTrades": 0,
  "losingTrades": 2,
  "avgPnlPerTrade": -3.9539151462635482,
  "finalPortfolio": 99.20988058650134,
  "compoundFactor": 0.9920988058650134,
  "simpleFinalPortfolio": 99.20921697074729,
  "simpleReturnPercent": -0.7907830292527063,
  "initialPortfolio": 100,
  "maxDrawdown": 0.7901194134986582,
  "maxDrawdownPct": 0.7901194134986583,
  "stdDevReturnsPct": 0.2177779958702694,
  "peakPortfolio": 100,
  "daysActive": 7.125,
  "twrDailyPct": -0.11127241780233277,
  "twrWeeklyPct": -0.7763116155898309,
  "twrAnnualPct": -33.39366254899095,
  "riskAdjustedScore": -0.5109442639403197,
  "clampMinPnlEnabled": false,
  "minPnlFloor": 0.8
}